family_id,twin_id,eye,subject_id,iris_id,image_idx,filename,relative_path,absolute_path,file_extension,file_size_bytes,sha256,width,height,mode,format,readable,error,filename_pattern_ok,filename_family_id,filename_twin_id,filename_eye,filename_image_idx,folder_filename_consistent,quality_ok,brightness,contrast,focus_score,dark_ratio,bright_ratio,folder_class,flag_low_focus,flag_low_contrast,flag_high_bright_ratio,flag_high_dark_ratio,quality_reject,quality_flag_any,segmentation_ok,pupil_found,iris_found,pupil_x,pupil_y,pupil_r,pupil_score,pupil_method,pupil_inner_mean,pupil_ring_mean,pupil_circularity,iris_x,iris_y,iris_r,iris_score,iris_method,iris_edge_score,iris_contrast,iris_confidence,iris_pupil_radius_ratio,iris_center_offset
3,1,R,F03_T1,F03_T1_R,2,S3031R02.jpg,03/1R/S3031R02.jpg,/Users/sarahoualli/Desktop/BIO/iris_twins_project/data/raw/CASIA-Iris-Twins/03/1R/S3031R02.jpg,.jpg,20965,f3968e4538f9f63b36df19eb3f1752e702cc0a87f032539c35b6a508201bcd76,640,480,L,JPEG,True,iris not found,True,3,1,R,2,True,True,116.0931396484375,38.32249069213867,40.156182444212185,0.0146516927083333,0.0001627604166666,1R,False,False,False,False,False,False,False,True,False,116.0,223.0,82.0,319.11383708003933,hough_pupil,34.01170189424413,72.50155471471922,0.75,,,,,,,,none,,
3,2,L,F03_T2,F03_T2_L,2,S3032L02.jpg,03/2L/S3032L02.jpg,/Users/sarahoualli/Desktop/BIO/iris_twins_project/data/raw/CASIA-Iris-Twins/03/2L/S3032L02.jpg,.jpg,19886,9b6334f59cfb107dd6a716f46c95c5dc4a9c3bb7a7b82e763c584feafad61f08,640,480,L,JPEG,True,,True,3,2,L,2,True,True,68.656982421875,31.50370979309082,25.7597356145223,0.0216438802083333,3.255208333333333e-05,2L,False,False,False,True,False,True,False,True,True,322.9936828613281,370.8038024902344,48.85470962524414,269.5911527501912,threshold_p3,19.34393971111576,27.102994372990352,0.5603220040531709,322.9936828613281,370.8038024902344,106.0,18.413559474373933,radial_lateral_search,13.678763389587402,5.040000915527344,low,2.1696987007620616,0.0
3,2,L,F03_T2,F03_T2_L,3,S3032L03.jpg,03/2L/S3032L03.jpg,/Users/sarahoualli/Desktop/BIO/iris_twins_project/data/raw/CASIA-Iris-Twins/03/2L/S3032L03.jpg,.jpg,19967,d5dc05b6faf72ef60423311d56c5f59ded251feff244b7e021aee33f8340b44c,640,480,L,JPEG,True,,True,3,2,L,3,True,True,68.7492904663086,29.140060424804688,26.24101277245416,0.01712890625,5.5338541666666664e-05,2L,False,False,False,False,False,False,False,True,True,314.0316467285156,380.5885925292969,45.68938446044922,274.48011365879125,threshold_p6,19.994875378523176,26.050813953488372,0.8788671990599886,306.0316467285156,372.5885925292969,104.0,23.737235378785993,radial_lateral_search,19.367704391479492,6.494998931884766,low,2.276239901853505,11.31370849898476
3,2,L,F03_T2,F03_T2_L,4,S3032L04.jpg,03/2L/S3032L04.jpg,/Users/sarahoualli/Desktop/BIO/iris_twins_project/data/raw/CASIA-Iris-Twins/03/2L/S3032L04.jpg,.jpg,22107,48835a56296bf3cb44bc49054af842ae444940bdfb300d8e59f7f8312fc84ddc,640,480,L,JPEG,True,iris not found,True,3,2,L,4,True,True,92.6300811767578,38.08696365356445,36.59345800856484,0.0143912760416666,7.8125e-05,2L,False,False,False,False,False,False,False,True,False,428.0,376.0,70.0,289.20025136627623,hough_pupil,34.579685119349925,59.62069502882967,0.75,,,,,,,,none,,
5,1,L,F05_T1,F05_T1_L,3,S3051L03.jpg,05/1L/S3051L03.jpg,/Users/sarahoualli/Desktop/BIO/iris_twins_project/data/raw/CASIA-Iris-Twins/05/1L/S3051L03.jpg,.jpg,19313,3dac9baee6877c9f9a330e25e8111cd3ad45d1a9f42d080a000b4e22a3b332fb,640,480,L,JPEG,True,iris not found,True,5,1,L,3,True,True,123.6015853881836,38.71820831298828,46.753473160542384,0.001513671875,7.161458333333333e-05,1L,False,False,False,False,False,False,False,True,False,385.68804931640625,129.29701232910156,81.26374816894531,347.3206233601289,threshold_p4,40.03947864084984,101.9538291605302,0.418953274233885,,,,,,,,none,,
5,1,L,F05_T1,F05_T1_L,4,S3051L04.jpg,05/1L/S3051L04.jpg,/Users/sarahoualli/Desktop/BIO/iris_twins_project/data/raw/CASIA-Iris-Twins/05/1L/S3051L04.jpg,.jpg,19559,207ffd3625c107f594aaf5937dc40edb1367e7dd873966622142bf2b1ff5bfe3,640,480,L,JPEG,True,iris not found,True,5,1,L,4,True,True,123.56480407714844,38.91407012939453,50.574867176649306,0.0015755208333333,4.557291666666667e-05,1L,False,False,False,False,False,False,False,True,False,388.4276428222656,127.48026275634766,80.09053039550781,347.049070924643,threshold_p4,38.801758344355406,100.35531947416692,0.3840533325222753,,,,,,,,none,,
5,1,L,F05_T1,F05_T1_L,5,S3051L05.jpg,05/1L/S3051L05.jpg,/Users/sarahoualli/Desktop/BIO/iris_twins_project/data/raw/CASIA-Iris-Twins/05/1L/S3051L05.jpg,.jpg,18872,4ee07e3e8a8668ba51bc78336cc9ac6827e7c626d6f23ee2cf884989358598f7,640,480,L,JPEG,True,iris not found,True,5,1,L,5,True,True,124.40696716308594,38.66009140014648,41.792571975326545,0.0011588541666666,7.8125e-05,1L,False,False,False,False,False,False,False,True,False,385.5,129.0,81.51236724853516,343.8827106107048,threshold_p4,39.72327280946282,100.86526047140067,0.3290673091701611,,,,,,,,none,,
14,2,R,F14_T2,F14_T2_R,1,S3142R01.jpg,14/2R/S3142R01.jpg,/Users/sarahoualli/Desktop/BIO/iris_twins_project/data/raw/CASIA-Iris-Twins/14/2R/S3142R01.jpg,.jpg,16054,f6bba0009c552941d3600892fbb00470791653b40419e6f8d8b0127286cc577c,640,480,L,JPEG,True,iris not found,True,14,2,R,1,True,True,112.6116180419922,34.649803161621094,21.054129389402597,0.011826171875,9.440104166666666e-05,2R,False,False,False,False,False,False,False,True,False,541.0,177.0,84.0,306.80965458016846,hough_pupil,39.97846940950757,76.82956265434558,0.75,,,,,,,,none,,
17,1,L,F17_T1,F17_T1_L,2,S3171L02.jpg,17/1L/S3171L02.jpg,/Users/sarahoualli/Desktop/BIO/iris_twins_project/data/raw/CASIA-Iris-Twins/17/1L/S3171L02.jpg,.jpg,18149,398d2ac40d35ce3389d24ac086904078839ebbd4aa1d174ac64a98948105b9a7,640,480,L,JPEG,True,iris not found,True,17,1,L,2,True,True,85.99889373779297,36.01696014404297,23.80774707535638,0.021640625,0.0001627604166666,1L,False,False,False,True,False,True,False,True,False,376.0,83.0,68.0,297.1590450733983,hough_pupil,30.861016949152543,57.55333962709464,0.75,,,,,,,,none,,
17,1,L,F17_T1,F17_T1_L,5,S3171L05.jpg,17/1L/S3171L05.jpg,/Users/sarahoualli/Desktop/BIO/iris_twins_project/data/raw/CASIA-Iris-Twins/17/1L/S3171L05.jpg,.jpg,22392,e20d112c24e531fc15ac227502c0981dd4f334f1daeaed6b1db7c99b4815a34c,640,480,L,JPEG,True,iris not found,True,17,1,L,5,True,True,95.13563537597656,35.692989349365234,37.15016987269719,0.0189713541666666,9.440104166666666e-05,1L,False,False,False,False,False,False,False,True,False,220.0,122.0,78.0,318.7260699757856,hough_pupil,32.85830362324849,71.1765320894322,0.75,,,,,,,,none,,
17,1,R,F17_T1,F17_T1_R,3,S3171R03.jpg,17/1R/S3171R03.jpg,/Users/sarahoualli/Desktop/BIO/iris_twins_project/data/raw/CASIA-Iris-Twins/17/1R/S3171R03.jpg,.jpg,18774,fd934bbe2d8eaa2153dbeb15996c865183f1080fc852e1d380411bc2665aec7b,640,480,L,JPEG,True,iris not found,True,17,1,R,3,True,True,126.0353012084961,44.732120513916016,35.71317023466959,0.017578125,0.000107421875,1R,False,False,False,False,False,False,False,True,False,344.0177307128906,97.92637634277344,77.19825744628906,328.3432686757584,threshold_p4,29.582207113837992,78.08111690377308,0.266238961613975,,,,,,,,none,,
17,1,R,F17_T1,F17_T1_R,10,S3171R10.jpg,17/1R/S3171R10.jpg,/Users/sarahoualli/Desktop/BIO/iris_twins_project/data/raw/CASIA-Iris-Twins/17/1R/S3171R10.jpg,.jpg,21043,87c43b54e2290031df68d71330eff82875a14279820a00ab1a745c3cc82c6b3a,640,480,L,JPEG,True,iris not found,True,17,1,R,10,True,True,126.595703125,46.24357986450195,48.83288450453014,0.013984375,8.463541666666667e-05,1R,False,False,False,False,False,False,False,True,False,382.0,123.0,78.0,342.9253211810778,hough_pupil,34.71785092446729,85.29724947723983,0.75,,,,,,,,none,,
17,2,L,F17_T2,F17_T2_L,4,S3172L04.jpg,17/2L/S3172L04.jpg,/Users/sarahoualli/Desktop/BIO/iris_twins_project/data/raw/CASIA-Iris-Twins/17/2L/S3172L04.jpg,.jpg,17861,9929210fc96ea5d5fbe4c3e5f396e4bb246dedfcc29739f48b30b8dcaddcf585,640,480,L,JPEG,True,,True,17,2,L,4,True,True,108.25481414794922,36.20674133300781,24.782769103834365,0.0076171875,7.486979166666666e-05,2L,False,False,False,False,False,False,False,True,True,281.0,203.0,83.0,362.5045270801278,hough_pupil,36.17355371900826,94.7378545352429,0.75,281.0,203.0,165.0,23.586520211093397,radial_lateral_search,20.530712127685547,4.3600006103515625,low,1.9879518072289155,0.0
17,2,L,F17_T2,F17_T2_L,9,S3172L09.jpg,17/2L/S3172L09.jpg,/Users/sarahoualli/Desktop/BIO/iris_twins_project/data/raw/CASIA-Iris-Twins/17/2L/S3172L09.jpg,.jpg,18819,914bbcde8ace9055e6a9f584e478533c0d9a9eecd44d651922f010e8608d33ba,640,480,L,JPEG,True,iris not found,True,17,2,L,9,True,True,122.3306655883789,36.49152755737305,36.815539075968,0.004912109375,9.765625e-05,2L,False,False,False,False,False,False,False,True,False,279.0,113.0,84.0,344.27701463475523,hough_pupil,36.78440986285795,88.92319502833121,0.75,,,,,,,,none,,
17,2,L,F17_T2,F17_T2_L,10,S3172L10.jpg,17/2L/S3172L10.jpg,/Users/sarahoualli/Desktop/BIO/iris_twins_project/data/raw/CASIA-Iris-Twins/17/2L/S3172L10.jpg,.jpg,18652,b80a986b1386425a62d30958e99b8e5eb040ef82f42760dba1e9bc7d867fc901,640,480,L,JPEG,True,iris not found,True,17,2,L,10,True,True,122.98745727539062,39.7317008972168,32.92821435113483,0.0055729166666666,9.114583333333334e-05,2L,False,False,False,False,False,False,False,True,False,313.0,91.0,82.0,325.79187816941334,hough_pupil,33.17165216119359,74.17034440983039,0.75,,,,,,,,none,,
17,2,R,F17_T2,F17_T2_R,8,S3172R08.jpg,17/2R/S3172R08.jpg,/Users/sarahoualli/Desktop/BIO/iris_twins_project/data/raw/CASIA-Iris-Twins/17/2R/S3172R08.jpg,.jpg,18150,ed8f63279b89633acc1f6c210574c479749c99339a1f9568686edd7c028d4684,640,480,L,JPEG,True,iris not found,True,17,2,R,8,True,True,107.56721496582033,40.66875457763672,29.61396971825494,0.01537109375,0.0001041666666666,2R,False,False,False,False,False,False,False,True,False,320.0,136.0,84.0,346.3933421196899,hough_pupil,33.292830242307964,83.34424975664024,0.75,,,,,,,,none,,
18,1,L,F18_T1,F18_T1_L,5,S3181L05.jpg,18/1L/S3181L05.jpg,/Users/sarahoualli/Desktop/BIO/iris_twins_project/data/raw/CASIA-Iris-Twins/18/1L/S3181L05.jpg,.jpg,16108,4b49886fbedbdb0cf9b1898f800bc25deeef399141c4d2698ddbf702b049c65b,640,480,L,JPEG,True,,True,18,1,L,5,True,True,115.4719696044922,36.44906997680664,18.19432067183389,0.0087239583333333,8.138020833333333e-05,1L,False,False,False,False,False,False,False,True,True,250.0,236.0,84.0,339.0556473263695,hough_pupil,40.06110992681021,88.59084272006675,0.75,226.0,212.0,159.0,23.919768031540585,radial_lateral_search,25.557615280151367,7.340003967285156,low,1.8928571428571428,33.94112549695428
18,2,L,F18_T2,F18_T2_L,7,S3182L07.jpg,18/2L/S3182L07.jpg,/Users/sarahoualli/Desktop/BIO/iris_twins_project/data/raw/CASIA-Iris-Twins/18/2L/S3182L07.jpg,.jpg,20318,6e003face713fb702c5d49f87f70aa4f1a7b4380a0c942e6712ac40b8f6317f8,640,480,L,JPEG,True,iris not found,True,18,2,L,7,True,True,118.93447875976562,33.90426254272461,27.386990311675607,0.0046419270833333,0.0001302083333333,2L,False,False,False,False,False,False,False,True,False,101.0,185.0,84.0,323.8517235311011,hough_pupil,41.48561074397783,87.36391329818395,0.75,,,,,,,,none,,
19,1,L,F19_T1,F19_T1_L,2,S3191L02.jpg,19/1L/S3191L02.jpg,/Users/sarahoualli/Desktop/BIO/iris_twins_project/data/raw/CASIA-Iris-Twins/19/1L/S3191L02.jpg,.jpg,20254,7fc08989b2d0053718d6c418073140d6c0631f3909e7715226a6e99796670a7b,640,480,L,JPEG,True,iris not found,True,19,1,L,2,True,True,113.68914031982422,35.36480712890625,35.39857223154703,0.0005110677083333,5.208333333333334e-05,1L,False,False,False,False,False,False,False,True,False,421.34466552734375,341.2767028808594,13.23806858062744,300.80277759459216,threshold_p2,29.60212201591512,58.02894736842105,0.7408575874493999,,,,,,,,none,,
19,1,R,F19_T1,F19_T1_R,2,S3191R02.jpg,19/1R/S3191R02.jpg,/Users/sarahoualli/Desktop/BIO/iris_twins_project/data/raw/CASIA-Iris-Twins/19/1R/S3191R02.jpg,.jpg,20196,70e88c2e7fd5337fe9cea4dcd2412cd26770287b95c9b2a43ce66382c3dac54a,640,480,L,JPEG,True,iris not found,True,19,1,R,2,True,True,119.8100814819336,43.89402770996094,35.406942140324915,0.0038541666666666,6.8359375e-05,1R,False,False,False,False,False,False,False,True,False,352.0,346.0,84.0,373.59858643422297,hough_pupil,36.30313366020038,102.13941037407872,0.75,,,,,,,,none,,
19,2,L,F19_T2,F19_T2_L,7,S3192L07.jpg,19/2L/S3192L07.jpg,/Users/sarahoualli/Desktop/BIO/iris_twins_project/data/raw/CASIA-Iris-Twins/19/2L/S3192L07.jpg,.jpg,16550,1ab81c1dc07b2fb5b16c005ff859101546d65e1ada8b724bb8bd7a25640b7b15,640,480,L,JPEG,True,iris not found,True,19,2,L,7,True,True,131.56317138671875,34.96477508544922,31.597769800779563,0.0011686197916666,0.0001595052083333,2L,False,False,False,False,False,False,False,True,False,184.0,128.0,80.0,363.78223305207126,hough_pupil,48.03633392982183,117.01853408743504,0.75,,,,,,,,none,,
19,2,R,F19_T2,F19_T2_R,9,S3192R09.jpg,19/2R/S3192R09.jpg,/Users/sarahoualli/Desktop/BIO/iris_twins_project/data/raw/CASIA-Iris-Twins/19/2R/S3192R09.jpg,.jpg,18778,73bbd29d03d10fd43bd899167b513c05c8cb8ff9db3bf4bc9d6a20e9d7b477d0,640,480,L,JPEG,True,,True,19,2,R,9,True,True,119.90204620361328,43.5167121887207,30.982793658404887,0.0069205729166666,3.580729166666667e-05,2R,False,False,False,False,False,False,False,True,True,406.0,323.0,84.0,349.44258330361833,hough_pupil,35.674269878490726,89.5738423028786,0.75,398.0,315.0,159.0,18.823218808132573,radial_lateral_search,18.1782169342041,4.930000305175781,low,1.8928571428571428,11.31370849898476
24,2,R,F24_T2,F24_T2_R,2,S3242R02.jpg,24/2R/S3242R02.jpg,/Users/sarahoualli/Desktop/BIO/iris_twins_project/data/raw/CASIA-Iris-Twins/24/2R/S3242R02.jpg,.jpg,20175,69647c9baa4f4f59e297c5072f4352cccfe9aae950aaa42926fcdcaa27867118,640,480,L,JPEG,True,,True,24,2,R,2,True,True,104.95038604736328,51.17825698852539,37.498884987343686,0.0211328125,0.0001171875,2R,False,False,False,False,False,False,False,True,True,317.0,305.0,80.0,319.09269309479913,hough_pupil,33.94102544153116,69.70918679302966,0.75,341.0,305.0,156.0,22.415040588378904,radial_lateral_search,22.70403289794922,6.3650054931640625,low,1.95,24.0
24,2,R,F24_T2,F24_T2_R,6,S3242R06.jpg,24/2R/S3242R06.jpg,/Users/sarahoualli/Desktop/BIO/iris_twins_project/data/raw/CASIA-Iris-Twins/24/2R/S3242R06.jpg,.jpg,19753,dc032b5ef62c06cd61578f9fd91495dfaedc4f205c7a2712f09c52a574650a26,640,480,L,JPEG,True,,True,24,2,R,6,True,True,111.2924346923828,45.38196563720703,30.93063573947482,0.0137760416666666,0.0001236979166666,2R,False,False,False,False,False,False,False,True,True,333.0,358.0,75.0,325.22184081998734,hough_pupil,36.80290548321375,78.64210155148096,0.75,333.0,334.0,142.0,12.611062596638998,radial_lateral_search,16.88572883605957,3.680000305175781,low,1.893333333333333,24.0
42,2,R,F42_T2,F42_T2_R,6,S3422R06.jpg,42/2R/S3422R06.jpg,/Users/sarahoualli/Desktop/BIO/iris_twins_project/data/raw/CASIA-Iris-Twins/42/2R/S3422R06.jpg,.jpg,19480,6e3029d029366cce0388e7025c6ec34dcda64bc0068c5b0c9af81461e75ce0ac,640,480,L,JPEG,True,iris not found,True,42,2,R,6,True,True,122.9153289794922,39.006099700927734,42.13600262831582,0.010009765625,8.7890625e-05,2R,False,False,False,False,False,False,False,True,False,519.0,157.0,79.0,342.722731996797,hough_pupil,28.840761262346422,78.17068497525148,0.75,,,,,,,,none,,
45,1,R,F45_T1,F45_T1_R,2,S3451R02.jpg,45/1R/S3451R02.jpg,/Users/sarahoualli/Desktop/BIO/iris_twins_project/data/raw/CASIA-Iris-Twins/45/1R/S3451R02.jpg,.jpg,15414,36c4ec22794eb5773aaca9e2b0fcb49f569d274a09779f67e8517b970b3c312c,640,480,L,JPEG,True,iris not found,True,45,1,R,2,True,True,82.13351440429688,27.269018173217773,17.74885513712565,0.01625,0.0001399739583333,1R,False,True,False,False,False,True,False,True,False,279.5,135.5,83.53751373291016,310.2237947251151,threshold_p5,26.40680736161444,61.78027483538506,0.4031266362791831,,,,,,,,none,,
48,1,R,F48_T1,F48_T1_R,5,S3481R05.jpg,48/1R/S3481R05.jpg,/Users/sarahoualli/Desktop/BIO/iris_twins_project/data/raw/CASIA-Iris-Twins/48/1R/S3481R05.jpg,.jpg,22384,878f6a4bb4a5864c063c396565d60a237faafa8a84c6035b9b7c697ac5772954,640,480,L,JPEG,True,iris not found,True,48,1,R,5,True,True,100.60356903076172,32.61936569213867,45.37889237695271,0.0088346354166666,0.0001302083333333,1R,False,False,False,False,False,False,False,True,False,249.9235992431641,132.7117919921875,83.44648742675781,354.93228750522945,threshold_p6,34.8841043132239,97.12453478385342,0.4392728224958467,,,,,,,,none,,
48,1,R,F48_T1,F48_T1_R,9,S3481R09.jpg,48/1R/S3481R09.jpg,/Users/sarahoualli/Desktop/BIO/iris_twins_project/data/raw/CASIA-Iris-Twins/48/1R/S3481R09.jpg,.jpg,22175,546890c9c60685300c15416675168ebc592171237a545b9abc8ae2375b0e609a,640,480,L,JPEG,True,iris not found,True,48,1,R,9,True,True,101.78437042236328,33.23294448852539,45.96000536901687,0.00857421875,0.0001529947916666,1R,False,False,False,False,False,False,False,True,False,243.30319213867188,135.40159606933594,84.08011627197266,357.75410362374095,threshold_p6,34.9106800255809,98.50834376303712,0.4494979485424673,,,,,,,,none,,
53,2,L,F53_T2,F53_T2_L,4,S3532L04.jpg,53/2L/S3532L04.jpg,/Users/sarahoualli/Desktop/BIO/iris_twins_project/data/raw/CASIA-Iris-Twins/53/2L/S3532L04.jpg,.jpg,18420,8cd4d2c62106abe0e28a5d4b3bd8415505b9c56ac946a3bd9582386d4ee85f7c,640,480,L,JPEG,True,iris not found,True,53,2,L,4,True,True,97.22434997558594,37.990570068359375,22.933374894449432,0.0368977864583333,0.0002311197916666,2L,False,False,False,True,False,True,False,True,False,320.0,117.0,80.0,328.0588229906961,hough_pupil,21.92165253248269,57.615015294072094,0.75,,,,,,,,none,,
56,2,L,F56_T2,F56_T2_L,2,S3562L02.jpg,56/2L/S3562L02.jpg,/Users/sarahoualli/Desktop/BIO/iris_twins_project/data/raw/CASIA-Iris-Twins/56/2L/S3562L02.jpg,.jpg,19759,509c4a18ddd94c9c4631856a8dbcfc0e64b6ce8723aa49a031f63d10cb0a7e7c,640,480,L,JPEG,True,iris not found,True,56,2,L,2,True,True,84.83316802978516,33.54948425292969,38.81747692718505,0.0211588541666666,0.0001236979166666,2L,False,False,False,False,False,False,False,True,False,285.0,110.0,70.0,310.58151286739354,hough_pupil,35.75449466734383,70.49150885137917,0.75,,,,,,,,none,,
65,1,L,F65_T1,F65_T1_L,2,S3651L02.jpg,65/1L/S3651L02.jpg,/Users/sarahoualli/Desktop/BIO/iris_twins_project/data/raw/CASIA-Iris-Twins/65/1L/S3651L02.jpg,.jpg,17160,cdfc3b83fc652c77c32ce752edd4042a4ecdf2dbbf55720ef197a83bc3d60505,640,480,L,JPEG,True,iris not found,True,65,1,L,2,True,True,138.4337615966797,42.37302780151367,31.180131725904673,0.0010872395833333,0.000126953125,1L,False,False,False,False,False,False,False,True,False,379.0,131.0,83.0,355.50238941352706,hough_pupil,45.77327579901996,107.90199382196012,0.75,,,,,,,,none,,
65,2,L,F65_T2,F65_T2_L,9,S3652L09.jpg,65/2L/S3652L09.jpg,/Users/sarahoualli/Desktop/BIO/iris_twins_project/data/raw/CASIA-Iris-Twins/65/2L/S3652L09.jpg,.jpg,17936,5366eb2cde638fdf91096277337082d6a1db3759c89dddedce8e0a92fd8d6a80,640,480,L,JPEG,True,iris not found,True,65,2,L,9,True,True,129.72181701660156,41.347381591796875,44.275885237789154,0.0012337239583333,9.114583333333334e-05,2L,False,False,False,False,False,False,False,True,False,445.0,127.0,83.0,329.52459786446224,hough_pupil,38.807430702845025,85.857559569832,0.75,,,,,,,,none,,
65,2,R,F65_T2,F65_T2_R,2,S3652R02.jpg,65/2R/S3652R02.jpg,/Users/sarahoualli/Desktop/BIO/iris_twins_project/data/raw/CASIA-Iris-Twins/65/2R/S3652R02.jpg,.jpg,16546,8aca4d3363617e283e2212ae893f1623ae47a220d7898685e48a1214273e31f0,640,480,L,JPEG,True,,True,65,2,R,2,True,True,128.1096649169922,39.07497787475586,17.918858370929293,0.0003841145833333,7.8125e-05,2R,False,False,False,False,False,False,False,True,True,405.0,130.0,78.0,325.3266413987872,hough_pupil,56.87695879280325,110.0034984719318,0.75,405.0,154.0,152.0,12.218863188914764,radial_lateral_search,20.534988403320312,0.6350021362304688,low,1.948717948717949,24.0
67,1,L,F67_T1,F67_T1_L,6,S3671L06.jpg,67/1L/S3671L06.jpg,/Users/sarahoualli/Desktop/BIO/iris_twins_project/data/raw/CASIA-Iris-Twins/67/1L/S3671L06.jpg,.jpg,17642,60cfd94fee1b16bedbf785d8a1d9bcfd237ef3c58fd42900a75f56db1e6ac1bf,640,480,L,JPEG,True,,True,67,1,L,6,True,True,128.54608154296875,41.11734390258789,27.00015086869134,0.0012044270833333,5.859375e-05,1L,False,False,False,False,False,False,False,True,True,394.0,298.0,84.0,373.7292037237793,hough_pupil,31.28586655297378,94.24913085801695,0.75,370.0,274.0,163.0,23.582003255219902,radial_lateral_search,25.204374313354492,7.215003967285156,low,1.9404761904761905,33.94112549695428
67,1,R,F67_T1,F67_T1_R,1,S3671R01.jpg,67/1R/S3671R01.jpg,/Users/sarahoualli/Desktop/BIO/iris_twins_project/data/raw/CASIA-Iris-Twins/67/1R/S3671R01.jpg,.jpg,16670,203501ba3348a5abba8e22360231b7db65ce4eca37a7c1051550f76987ce60d8,640,480,L,JPEG,True,,True,67,1,R,1,True,True,119.89965057373048,39.843109130859375,21.83118936656316,0.0016373697916666,7.486979166666666e-05,1R,False,False,False,False,False,False,False,True,True,293.0,283.0,84.0,349.90248334620395,hough_pupil,45.1653520926597,101.84640522875816,0.75,293.0,283.0,175.0,21.20549519856771,radial_lateral_search,18.53815460205078,3.8100051879882817,low,2.0833333333333335,0.0
67,2,L,F67_T2,F67_T2_L,4,S3672L04.jpg,67/2L/S3672L04.jpg,/Users/sarahoualli/Desktop/BIO/iris_twins_project/data/raw/CASIA-Iris-Twins/67/2L/S3672L04.jpg,.jpg,18347,5b62237e3aeb84dc02640ac1146479f8db0093c99f130b58d1d5f0ba527ce29f,640,480,L,JPEG,True,iris not found,True,67,2,L,4,True,True,126.7292938232422,43.7220344543457,25.273659345404305,0.0007779947916666,0.000107421875,2L,False,False,False,False,False,False,False,True,False,241.0,361.0,83.0,340.5179709716493,hough_pupil,35.59803993271411,85.85005580156245,0.75,,,,,,,,none,,
67,2,L,F67_T2,F67_T2_L,6,S3672L06.jpg,67/2L/S3672L06.jpg,/Users/sarahoualli/Desktop/BIO/iris_twins_project/data/raw/CASIA-Iris-Twins/67/2L/S3672L06.jpg,.jpg,17740,4b8f1812697896ff1461f758f0d9178c966efc150642dec68cd041712d069afb,640,480,L,JPEG,True,,True,67,2,L,6,True,True,118.1664581298828,36.4221076965332,22.508225283294255,0.0012662760416666,0.0001106770833333,2L,False,False,False,False,False,False,False,True,True,236.0,309.0,78.0,357.1811671937423,hough_pupil,35.523339689909626,92.81309313173556,0.75,236.0,309.0,152.0,21.09522770612668,radial_lateral_search,19.25335121154785,3.6050033569335938,low,1.948717948717949,0.0
67,2,L,F67_T2,F67_T2_L,8,S3672L08.jpg,67/2L/S3672L08.jpg,/Users/sarahoualli/Desktop/BIO/iris_twins_project/data/raw/CASIA-Iris-Twins/67/2L/S3672L08.jpg,.jpg,17509,416b8d737ef6682cb93f0c49f3cfb8e1a92c520c67f13e7a15d200d7c4a1e412,640,480,L,JPEG,True,iris not found,True,67,2,L,8,True,True,115.82608032226562,45.61016082763672,24.432035778639055,0.012509765625,0.000166015625,2L,False,False,False,False,False,False,False,True,False,377.0,352.0,83.0,323.49768472497743,hough_pupil,31.09705258538726,69.92436915723624,0.75,,,,,,,,none,,
67,2,R,F67_T2,F67_T2_R,5,S3672R05.jpg,67/2R/S3672R05.jpg,/Users/sarahoualli/Desktop/BIO/iris_twins_project/data/raw/CASIA-Iris-Twins/67/2R/S3672R05.jpg,.jpg,18050,a68aabf64ea2d1ff667a3445cc8e5af7d7821bb5ad3c979956ab89f46f814f06,640,480,L,JPEG,True,iris not found,True,67,2,R,5,True,True,131.30885314941406,45.18718338012695,27.357673578855724,0.0021907552083333,0.00021484375,2R,False,False,False,False,False,False,False,True,False,541.0,260.0,84.0,322.87759808589755,hough_pupil,44.23491792794713,90.1284155182028,0.75,,,,,,,,none,,
67,2,R,F67_T2,F67_T2_R,6,S3672R06.jpg,67/2R/S3672R06.jpg,/Users/sarahoualli/Desktop/BIO/iris_twins_project/data/raw/CASIA-Iris-Twins/67/2R/S3672R06.jpg,.jpg,18427,f3a3f17a4b729bbdffaf1b3a15d4949ab271bc1e180242e31da5ef2c0e66350c,640,480,L,JPEG,True,iris not found,True,67,2,R,6,True,True,121.67345428466795,47.39055633544922,31.097275758096902,0.005263671875,0.0001692708333333,2R,False,False,False,False,False,False,False,True,False,526.0,231.0,84.0,323.341411358566,hough_pupil,44.935621402686,90.831950283312,0.75,,,,,,,,none,,
68,1,R,F68_T1,F68_T1_R,4,S3681R04.jpg,68/1R/S3681R04.jpg,/Users/sarahoualli/Desktop/BIO/iris_twins_project/data/raw/CASIA-Iris-Twins/68/1R/S3681R04.jpg,.jpg,19121,7bde611662d78307a1b077318c372dad083b233d2f3f3f86d046b0b8c10290fd,640,480,L,JPEG,True,iris not found,True,68,1,R,4,True,True,122.21379852294922,44.128692626953125,38.93883263243569,0.0045638020833333,0.0001009114583333,1R,False,False,False,False,False,False,False,True,False,244.0,121.0,82.0,337.0250885619987,hough_pupil,37.35705404812404,86.63145868651876,0.75,,,,,,,,none,,
71,2,L,F71_T2,F71_T2_L,9,S3712L09.jpg,71/2L/S3712L09.jpg,/Users/sarahoualli/Desktop/BIO/iris_twins_project/data/raw/CASIA-Iris-Twins/71/2L/S3712L09.jpg,.jpg,14669,822635b7d5f5b23a11318f9624f710a77a83aba7b33baa1448252c3064edec1b,640,480,L,JPEG,True,iris not found,True,71,2,L,9,True,True,113.4894027709961,28.96879768371582,13.917436110432943,0.00173828125,0.000107421875,2L,True,False,False,False,False,True,False,True,False,263.5,98.5,72.00357055664062,313.46401245327473,threshold_p3,38.83716965046888,84.13445046821094,0.4062929008441366,,,,,,,,none,,
75,1,R,F75_T1,F75_T1_R,4,S3751R04.jpg,75/1R/S3751R04.jpg,/Users/sarahoualli/Desktop/BIO/iris_twins_project/data/raw/CASIA-Iris-Twins/75/1R/S3751R04.jpg,.jpg,19499,772dd7bf80dfc2c4804be41ce9a69859f452b8da73b30f5ffb679fa87b11a516,640,480,L,JPEG,True,iris not found,True,75,1,R,4,True,True,123.59764099121094,38.526004791259766,36.038885306792785,0.0023795572916666,0.00015625,1R,False,False,False,False,False,False,False,True,False,340.0,136.0,84.0,343.8225477417412,hough_pupil,41.28444539188517,94.43690029203172,0.75,,,,,,,,none,,
75,1,R,F75_T1,F75_T1_R,5,S3751R05.jpg,75/1R/S3751R05.jpg,/Users/sarahoualli/Desktop/BIO/iris_twins_project/data/raw/CASIA-Iris-Twins/75/1R/S3751R05.jpg,.jpg,17891,06d5fccf8e089911b34157fb21ee5d1ca719a384c3a051bb0c8c0c0361f3f275,640,480,L,JPEG,True,iris not found,True,75,1,R,5,True,True,121.79490661621094,38.94441223144531,31.900303548177096,0.0025065104166666,0.0001595052083333,1R,False,False,False,False,False,False,False,True,False,299.0,134.0,84.0,316.0263901843106,hough_pupil,54.53300646628296,100.48327770824642,0.75,,,,,,,,none,,
75,1,R,F75_T1,F75_T1_R,6,S3751R06.jpg,75/1R/S3751R06.jpg,/Users/sarahoualli/Desktop/BIO/iris_twins_project/data/raw/CASIA-Iris-Twins/75/1R/S3751R06.jpg,.jpg,18042,8a9e0c2e8f3ae0901cb5264f15bab6a7d4c20265346142feec15714d4f7c6925,640,480,L,JPEG,True,,True,75,1,R,6,True,True,109.2332000732422,34.2551383972168,32.37811365759107,0.0051725260416666,0.0001334635416666,1R,False,False,False,False,False,False,False,True,True,273.0,140.0,84.0,336.84725713450325,hough_pupil,42.246002984438284,92.81476846057572,0.75,281.0,164.0,161.0,23.22185377797053,radial_lateral_search,22.98174285888672,7.069999694824219,low,1.9166666666666667,25.298221281347036
75,2,L,F75_T2,F75_T2_L,7,S3752L07.jpg,75/2L/S3752L07.jpg,/Users/sarahoualli/Desktop/BIO/iris_twins_project/data/raw/CASIA-Iris-Twins/75/2L/S3752L07.jpg,.jpg,17687,4ae83970bbc18dbd5a9664a633d55f8a680c4bddb65b5d510cb786989b87654d,640,480,L,JPEG,True,iris not found,True,75,2,L,7,True,True,120.30628967285156,36.75894927978515,24.876038252247707,0.0006575520833333,0.000126953125,2L,False,False,False,False,False,False,False,True,False,488.0,361.0,13.0,308.22272587371253,hough_pupil,44.19242902208202,84.33229813664596,0.75,,,,,,,,none,,
79,1,L,F79_T1,F79_T1_L,2,S3791L02.jpg,79/1L/S3791L02.jpg,/Users/sarahoualli/Desktop/BIO/iris_twins_project/data/raw/CASIA-Iris-Twins/79/1L/S3791L02.jpg,.jpg,19089,0ffa6d86930fba3507628d03ef1eb70fbbbf9d0af0c182fecde5cb1b33500cab,640,480,L,JPEG,True,iris not found,True,79,1,L,2,True,True,106.55142211914062,33.84980773925781,36.84262691090902,0.0043294270833333,0.0001139322916666,1L,False,False,False,False,False,False,False,True,False,133.0,215.0,84.0,330.6511144095985,hough_pupil,32.12847296241029,75.32165206508135,0.75,,,,,,,,none,,
79,2,R,F79_T2,F79_T2_R,2,S3792R02.jpg,79/2R/S3792R02.jpg,/Users/sarahoualli/Desktop/BIO/iris_twins_project/data/raw/CASIA-Iris-Twins/79/2R/S3792R02.jpg,.jpg,18048,5e8d8286d39bf294596c33799d627ac0dbc44738a7cfe3fcfbe6e716a5e63b6e,640,480,L,JPEG,True,,True,79,2,R,2,True,True,96.8813705444336,36.303489685058594,24.807925192250146,0.0053515625,8.463541666666667e-05,2R,False,False,False,False,False,False,False,True,True,344.0,329.0,80.0,335.80673805637883,hough_pupil,28.644440986540108,71.15648884133293,0.75,344.0,321.0,152.0,21.460254669189453,radial_lateral_search,21.680248260498047,3.7000045776367183,low,1.9,8.0
81,2,L,F81_T2,F81_T2_L,6,S3812L06.jpg,81/2L/S3812L06.jpg,/Users/sarahoualli/Desktop/BIO/iris_twins_project/data/raw/CASIA-Iris-Twins/81/2L/S3812L06.jpg,.jpg,17584,6f540dcadd28148ce9e8f8074f65f5f8e5b0e2228e3d110a3968971ae2244a0a,640,480,L,JPEG,True,iris not found,True,81,2,L,6,True,True,125.37493133544922,34.77727127075195,36.53517822340859,0.002783203125,0.00015625,2L,False,False,False,False,False,False,False,True,False,217.5,111.0,77.8412857055664,362.76360442701497,threshold_p4,37.343586767266395,105.36208601087492,0.4941527091745805,,,,,,,,none,,
81,2,L,F81_T2,F81_T2_L,9,S3812L09.jpg,81/2L/S3812L09.jpg,/Users/sarahoualli/Desktop/BIO/iris_twins_project/data/raw/CASIA-Iris-Twins/81/2L/S3812L09.jpg,.jpg,19776,0a3a297345a0b089dfe43c889fb411dbec89a0367afd467ffe31c00bdbb41595,640,480,L,JPEG,True,iris not found,True,81,2,L,9,True,True,127.80990600585938,36.94744110107422,42.6528937092993,0.0084114583333333,0.000126953125,2L,False,False,False,False,False,False,False,True,False,246.17660522460935,95.42375183105467,63.18720626831055,365.12721029154966,threshold_p4,25.160283861495166,84.16350783106832,0.6904097307021122,,,,,,,,none,,
81,2,L,F81_T2,F81_T2_L,10,S3812L10.jpg,81/2L/S3812L10.jpg,/Users/sarahoualli/Desktop/BIO/iris_twins_project/data/raw/CASIA-Iris-Twins/81/2L/S3812L10.jpg,.jpg,20588,207401c5075a8e3ba5b1894e1e78ebc911679c57cffc1ed8518489606157ca9d,640,480,L,JPEG,True,iris not found,True,81,2,L,10,True,True,131.7016143798828,39.001075744628906,55.67769285579258,0.0067545572916666,0.0001171875,2L,False,False,False,False,False,False,False,True,False,250.5,98.0,64.70133209228516,365.07194286967336,threshold_p4,25.50782629163234,86.15039687240848,0.5748292805960838,,,,,,,,none,,
84,2,L,F84_T2,F84_T2_L,1,S3842L01.jpg,84/2L/S3842L01.jpg,/Users/sarahoualli/Desktop/BIO/iris_twins_project/data/raw/CASIA-Iris-Twins/84/2L/S3842L01.jpg,.jpg,15085,be16da7f5630ca0019efbf3be84d4c8bbff18c2f02b95903b0f9d60757cc8de8,640,480,L,JPEG,True,,True,84,2,L,1,True,True,143.84750366210938,34.98196029663086,17.333630177773365,0.0007779947916666,0.0001171875,2L,False,False,False,False,False,False,False,True,True,141.5263214111328,128.84210205078125,79.14078521728516,336.5850639707606,threshold_p4,46.246286035493455,109.41421720297028,0.3243220010859601,157.5263214111328,152.84210205078125,150.0,22.2060098572475,radial_lateral_search,24.393688201904297,6.029998779296875,low,1.8953564788138904,28.844410203711913
85,1,L,F85_T1,F85_T1_L,7,S3851L07.jpg,85/1L/S3851L07.jpg,/Users/sarahoualli/Desktop/BIO/iris_twins_project/data/raw/CASIA-Iris-Twins/85/1L/S3851L07.jpg,.jpg,19647,506ae9f1551fa02ddf38fa9b0ba0c4487674b0346382e4fd63a5e5dae98163a8,640,480,L,JPEG,True,,True,85,1,L,7,True,True,122.02408599853516,38.19036483764648,38.652427675024654,0.0025390625,0.0001302083333333,1L,False,False,False,False,False,False,False,True,True,64.5,247.5,28.504484176635746,293.4071985341447,threshold_p2,31.516031457955233,62.52856265356265,0.4931268333149309,80.5,231.5,76.0,22.406775979166053,radial_lateral_search,21.972646713256836,4.589996337890625,low,2.66624716058868,22.62741699796952
86,1,L,F86_T1,F86_T1_L,3,S3861L03.jpg,86/1L/S3861L03.jpg,/Users/sarahoualli/Desktop/BIO/iris_twins_project/data/raw/CASIA-Iris-Twins/86/1L/S3861L03.jpg,.jpg,17781,2e09eed4e9ce4e786bc8806121c47cfe9c9f6910a53285f0a90e01621f9d7c71,640,480,L,JPEG,True,,True,86,1,L,3,True,True,102.42127227783205,28.956083297729492,29.797499199379818,0.0013248697916666,4.2317708333333335e-05,1L,False,False,False,False,False,False,False,True,True,337.0,193.0,79.0,357.80742101514016,hough_pupil,38.17184614149201,95.21746930314144,0.75,337.0,193.0,150.0,19.441528658323648,radial_lateral_search,19.724597930908203,2.2299957275390625,low,1.8987341772151896,0.0
86,1,L,F86_T1,F86_T1_L,5,S3861L05.jpg,86/1L/S3861L05.jpg,/Users/sarahoualli/Desktop/BIO/iris_twins_project/data/raw/CASIA-Iris-Twins/86/1L/S3861L05.jpg,.jpg,19565,bce20c5f23c1160a9d70e195d1bc5d624ba45b91b4b8f45c0241653833b5a1e6,640,480,L,JPEG,True,,True,86,1,L,5,True,True,122.64464569091795,33.610965728759766,35.28716742171181,0.0007649739583333,9.114583333333334e-05,1L,False,False,False,False,False,False,False,True,True,224.0,187.0,80.0,338.4336881537727,hough_pupil,51.28763712751887,106.90350810149802,0.75,224.0,187.0,152.0,21.733209991455077,radial_lateral_search,20.96121597290039,2.9799957275390625,low,1.9,0.0
86,1,R,F86_T1,F86_T1_R,8,S3861R08.jpg,86/1R/S3861R08.jpg,/Users/sarahoualli/Desktop/BIO/iris_twins_project/data/raw/CASIA-Iris-Twins/86/1R/S3861R08.jpg,.jpg,18432,847d4664b7b43e4f3af7148e702c7200473b6981a41596451e109c96e5fdd255,640,480,L,JPEG,True,,True,86,1,R,8,True,True,116.19152069091795,49.275856018066406,27.719825855668383,0.0033626302083333,8.138020833333333e-05,1R,False,False,False,False,False,False,False,True,True,303.0,344.0,71.0,303.06311495749264,hough_pupil,37.91579153989596,68.94560937192361,0.75,303.0,336.0,140.0,17.225247375058455,radial_lateral_search,17.62692642211914,3.3649978637695312,low,1.971830985915493,8.0
86,2,L,F86_T2,F86_T2_L,7,S3862L07.jpg,86/2L/S3862L07.jpg,/Users/sarahoualli/Desktop/BIO/iris_twins_project/data/raw/CASIA-Iris-Twins/86/2L/S3862L07.jpg,.jpg,19970,bf1897da8e9789958c6a425d871760229890eae31df0d0f81d7f0d940eba580c,640,480,L,JPEG,True,iris not found,True,86,2,L,7,True,True,114.66905212402344,33.5301628112793,43.21517366145452,0.0028092447916666,9.114583333333334e-05,2L,False,False,False,False,False,False,False,True,False,303.0,125.0,84.0,343.56312552922344,hough_pupil,37.69842961699709,89.15603010677403,0.75,,,,,,,,none,,
87,1,L,F87_T1,F87_T1_L,1,S3871L01.jpg,87/1L/S3871L01.jpg,/Users/sarahoualli/Desktop/BIO/iris_twins_project/data/raw/CASIA-Iris-Twins/87/1L/S3871L01.jpg,.jpg,15388,5e04d3a8091469195b73d23996b6908719be171c6b7fb12ee744631aed5a4017,640,480,L,JPEG,True,,True,87,1,L,1,True,True,128.52926635742188,33.47736358642578,20.022112678008614,0.0008365885416666,0.0001888020833333,1L,False,False,False,False,False,False,False,True,True,322.0,225.0,84.0,341.3362603783261,hough_pupil,57.85369146592766,115.37835488805452,0.75,322.0,225.0,173.0,22.832161857968284,radial_lateral_search,19.651073455810547,4.2449951171875,low,2.0595238095238093,0.0
87,1,R,F87_T1,F87_T1_R,8,S3871R08.jpg,87/1R/S3871R08.jpg,/Users/sarahoualli/Desktop/BIO/iris_twins_project/data/raw/CASIA-Iris-Twins/87/1R/S3871R08.jpg,.jpg,15978,a2e3d2e38cd091e42a7d1f9e23b5ddb71a8ab72e8b98815e88cd7fc4f905401b,640,480,L,JPEG,True,,True,87,1,R,8,True,True,127.20841217041016,30.08405303955078,21.27233356983397,0.0005305989583333,0.0001334635416666,1R,False,False,False,False,False,False,False,True,True,307.0,202.0,84.0,352.0739257827061,hough_pupil,54.30967100120799,116.2449589764984,0.75,307.0,202.0,159.0,21.3402106148856,radial_lateral_search,20.953773498535156,2.725006103515625,low,1.8928571428571428,0.0
87,2,R,F87_T2,F87_T2_R,3,S3872R03.jpg,87/2R/S3872R03.jpg,/Users/sarahoualli/Desktop/BIO/iris_twins_project/data/raw/CASIA-Iris-Twins/87/2R/S3872R03.jpg,.jpg,17385,2be9084edaec8b701e9595fe6dfff61c9a365e3ac7ca5bc9eccad4930d9dad12,640,480,L,JPEG,True,iris not found,True,87,2,R,3,True,True,91.04317474365234,25.915205001831055,29.98560196872288,0.0087174479166666,8.138020833333333e-05,2R,False,True,False,False,False,True,False,True,False,327.0,133.0,84.0,318.8774481264067,hough_pupil,36.99921836140126,75.36072868863857,0.75,,,,,,,,none,,
87,2,R,F87_T2,F87_T2_R,4,S3872R04.jpg,87/2R/S3872R04.jpg,/Users/sarahoualli/Desktop/BIO/iris_twins_project/data/raw/CASIA-Iris-Twins/87/2R/S3872R04.jpg,.jpg,16616,a72c49e34a240f82c0277b1f25588f213ddbac87040142d762feefbaf4bb1757,640,480,L,JPEG,True,iris not found,True,87,2,R,4,True,True,87.7889175415039,24.612565994262695,24.322067176649306,0.00716796875,0.0001171875,2R,False,True,False,False,False,True,False,True,False,245.0,116.0,75.0,309.10846656699806,hough_pupil,39.88998139782089,76.58321579689704,0.75,,,,,,,,none,,
88,1,L,F88_T1,F88_T1_L,1,S3881L01.jpg,88/1L/S3881L01.jpg,/Users/sarahoualli/Desktop/BIO/iris_twins_project/data/raw/CASIA-Iris-Twins/88/1L/S3881L01.jpg,.jpg,17113,ee7a3eee61693cbbd4563c57196373405ae499f96ed0ea4ea2f07d32fd9f112a,640,480,L,JPEG,True,,True,88,1,L,1,True,True,107.93389129638672,38.26774978637695,20.346446594068738,0.0085970052083333,5.859375e-05,1L,False,False,False,False,False,False,False,True,True,229.0,310.0,83.0,343.29585638232936,hough_pupil,32.413661961530025,81.36868155012637,0.75,221.0,310.0,159.0,22.224226682731903,radial_lateral_search,21.317577362060547,4.459999084472656,low,1.9156626506024097,8.0
88,1,L,F88_T1,F88_T1_L,2,S3881L02.jpg,88/1L/S3881L02.jpg,/Users/sarahoualli/Desktop/BIO/iris_twins_project/data/raw/CASIA-Iris-Twins/88/1L/S3881L02.jpg,.jpg,16775,b26c73f4ff9934ad1f1dfd0b7c755bed76570636512f2e405e1657085e2dd188,640,480,L,JPEG,True,,True,88,1,L,2,True,True,107.7730484008789,35.883399963378906,17.410239352915028,0.0066666666666666,8.463541666666667e-05,1L,False,False,False,False,False,False,False,True,True,203.0,289.0,83.0,347.70139798440823,hough_pupil,31.16280260367147,81.65610081437798,0.75,203.0,289.0,157.0,21.976691390807368,radial_lateral_search,17.90642547607422,5.3600006103515625,low,1.891566265060241,0.0
89,2,L,F89_T2,F89_T2_L,4,S3892L04.jpg,89/2L/S3892L04.jpg,/Users/sarahoualli/Desktop/BIO/iris_twins_project/data/raw/CASIA-Iris-Twins/89/2L/S3892L04.jpg,.jpg,21140,a6d5866fcfcaca99d98d29cb655d46a2b896722f0d22654b987fce8d001b8eb9,640,480,L,JPEG,True,iris not found,True,89,2,L,4,True,True,121.6144027709961,42.35597229003906,38.75155309591293,0.0025390625,8.463541666666667e-05,2L,False,False,False,False,False,False,False,True,False,272.0,376.0,72.0,318.10113650085464,hough_pupil,42.29459126645827,84.4716218167814,0.75,,,,,,,,none,,
90,1,L,F90_T1,F90_T1_L,2,S3901L02.jpg,90/1L/S3901L02.jpg,/Users/sarahoualli/Desktop/BIO/iris_twins_project/data/raw/CASIA-Iris-Twins/90/1L/S3901L02.jpg,.jpg,18651,31fe22d83997cc70a65ff026b5fae4bd869a85b8580e38139164e70cd5ea4c11,640,480,L,JPEG,True,iris not found,True,90,1,L,2,True,True,140.77723693847656,37.67618179321289,35.92752375275295,0.0005305989583333,0.0001204427083333,1L,False,False,False,False,False,False,False,True,False,415.0,107.0,83.0,332.7609439351168,hough_pupil,55.841293059313976,112.96142197319604,0.75,,,,,,,,none,,
90,1,L,F90_T1,F90_T1_L,3,S3901L03.jpg,90/1L/S3901L03.jpg,/Users/sarahoualli/Desktop/BIO/iris_twins_project/data/raw/CASIA-Iris-Twins/90/1L/S3901L03.jpg,.jpg,18641,0c5191549e91b580830a12f2764faf02cd740d3385191e7408d577fcb6728d60,640,480,L,JPEG,True,iris not found,True,90,1,L,3,True,True,120.60926818847656,37.033077239990234,30.134706188795302,0.0043033854166666,0.0001822916666666,1L,False,False,False,False,False,False,False,True,False,351.0,117.0,83.0,345.460471982447,hough_pupil,33.79448548233745,84.73055796472968,0.75,,,,,,,,none,,
91,2,L,F91_T2,F91_T2_L,4,S3912L04.jpg,91/2L/S3912L04.jpg,/Users/sarahoualli/Desktop/BIO/iris_twins_project/data/raw/CASIA-Iris-Twins/91/2L/S3912L04.jpg,.jpg,19218,46f55ae5de080bd7af4b80f06b1322d78633d58c136f934ff7daac566d0cded5,640,480,L,JPEG,True,iris not found,True,91,2,L,4,True,True,89.79142761230469,29.022863388061523,32.81979368421766,0.01220703125,6.8359375e-05,2L,False,False,False,False,False,False,False,True,False,251.0,113.0,79.0,312.3622336876479,hough_pupil,30.225246928450975,63.67393515316708,0.75,,,,,,,,none,,
93,1,R,F93_T1,F93_T1_R,5,S3931R05.jpg,93/1R/S3931R05.jpg,/Users/sarahoualli/Desktop/BIO/iris_twins_project/data/raw/CASIA-Iris-Twins/93/1R/S3931R05.jpg,.jpg,16266,1d92ef521168230086bc125501d4f144bbc3fd3bd5c56450cb1ae415fa715ae3,640,480,L,JPEG,True,iris not found,True,93,1,R,5,True,True,124.4164047241211,34.46957015991211,20.070249022759334,0.0017805989583333,7.161458333333333e-05,1R,False,False,False,False,False,False,False,True,False,299.15228271484375,114.49829864501952,74.38732147216797,341.3102861344206,threshold_p4,48.39808663300558,112.18502340093605,0.3151722072176676,,,,,,,,none,,
93,2,L,F93_T2,F93_T2_L,2,S3932L02.jpg,93/2L/S3932L02.jpg,/Users/sarahoualli/Desktop/BIO/iris_twins_project/data/raw/CASIA-Iris-Twins/93/2L/S3932L02.jpg,.jpg,19017,ebdd9870165da312f650bdd0683285db46b6a42aa7bae5dcd0ca6df4cd340e90,640,480,L,JPEG,True,iris not found,True,93,2,L,2,True,True,133.0742645263672,39.9955940246582,39.61945859882565,0.0010807291666666,0.0001009114583333,2L,False,False,False,False,False,False,False,True,False,308.0,129.0,84.0,345.027160482495,hough_pupil,49.69423719178569,107.67993602892604,0.75,,,,,,,,none,,
93,2,R,F93_T2,F93_T2_R,1,S3932R01.jpg,93/2R/S3932R01.jpg,/Users/sarahoualli/Desktop/BIO/iris_twins_project/data/raw/CASIA-Iris-Twins/93/2R/S3932R01.jpg,.jpg,19699,f5d1f43d60009908c4e1e6e2ca72474de017a9897bd1ab0dc11e91ad93f96047,640,480,L,JPEG,True,iris not found,True,93,2,R,1,True,True,129.44308471679688,37.54290771484375,43.84445144649083,0.000673828125,9.440104166666666e-05,2R,False,False,False,False,False,False,False,True,False,322.0,128.0,84.0,342.5375694388899,hough_pupil,49.693739785404674,106.26512356421858,0.75,,,,,,,,none,,
99,1,R,F99_T1,F99_T1_R,5,S3991R05.jpg,99/1R/S3991R05.jpg,/Users/sarahoualli/Desktop/BIO/iris_twins_project/data/raw/CASIA-Iris-Twins/99/1R/S3991R05.jpg,.jpg,16164,6366df6c089aea4f18d947174b4173cb1b9c731bcc7d22b8e02a208245c048f9,640,480,L,JPEG,True,,True,99,1,R,5,True,True,93.44791412353516,29.869335174560547,16.969473259978827,0.002353515625,7.161458333333333e-05,1R,False,False,False,False,False,False,False,True,True,250.0,245.0,78.0,311.20030691249974,hough_pupil,37.66768924633115,71.09908315907994,0.75,250.0,245.0,166.0,23.69761818127754,radial_lateral_search,19.926795959472656,4.470001220703125,low,2.128205128205128,0.0
