metric,correct_n,error_n,correct_mean,error_mean,difference_error_minus_correct,correct_median,error_median
valid_bit_ratio,961,191,0.21561897905014307,0.20801819806323626,-0.007600780986906808,0.217254638671875,0.2080078125
bit_one_ratio,961,191,0.5083949740278797,0.5047108647621482,-0.0036841092657314833,0.5088540167002591,0.5045480386583286
brightness,961,191,127.3730890232368,127.31186787869918,-0.06122114453762606,128.01744079589844,127.83009338378906
contrast,961,191,38.34002507712913,39.0376420345606,0.697616957431471,37.3655891418457,38.222503662109375
focus_score,961,191,43.40880875273626,41.452876408186675,-1.9559323445495878,38.98691712171767,36.71699895693462
dark_ratio,961,191,0.002917347516692649,0.0028773144360819923,-4.003308061065669e-05,0.001787109375,0.00177734375
bright_ratio,961,191,0.0013412101922909922,0.0004773055737347101,-0.0008639046185562821,0.0001204427083333,0.0001106770833333
margin_best_impostor_minus_true,961,191,0.08852174090208118,-0.03512041625761676,-0.12364215715969794,0.080746127913287,-0.0308913686675501
true_rank,961,191,1.0,50.712041884816756,49.712041884816756,1.0,18.0
