family_id,twin_id,eye,subject_id,iris_id,folder_class,filename,stem,source_path,segmentation_overlay_path,has_segmentation_overlay
11,1,L,F11_T1,F11_T1_L,1L,S3111L01.jpg,S3111L01,/Users/sarahoualli/Desktop/Casia_Iris_Twins/data/raw/CASIA-Iris-Twins/11/1L/S3111L01.jpg,/Users/sarahoualli/Desktop/Casia_Iris_Twins/data/segmentation_daugman/overlays/11__1L__S3111L01.jpg.png,True
11,1,L,F11_T1,F11_T1_L,1L,S3111L03.jpg,S3111L03,/Users/sarahoualli/Desktop/Casia_Iris_Twins/data/raw/CASIA-Iris-Twins/11/1L/S3111L03.jpg,/Users/sarahoualli/Desktop/Casia_Iris_Twins/data/segmentation_daugman/overlays/11__1L__S3111L03.jpg.png,True
11,1,R,F11_T1,F11_T1_R,1R,S3111R02.jpg,S3111R02,/Users/sarahoualli/Desktop/Casia_Iris_Twins/data/raw/CASIA-Iris-Twins/11/1R/S3111R02.jpg,/Users/sarahoualli/Desktop/Casia_Iris_Twins/data/segmentation_daugman/overlays/11__1R__S3111R02.jpg.png,True
11,1,R,F11_T1,F11_T1_R,1R,S3111R06.jpg,S3111R06,/Users/sarahoualli/Desktop/Casia_Iris_Twins/data/raw/CASIA-Iris-Twins/11/1R/S3111R06.jpg,/Users/sarahoualli/Desktop/Casia_Iris_Twins/data/segmentation_daugman/overlays/11__1R__S3111R06.jpg.png,True
11,1,R,F11_T1,F11_T1_R,1R,S3111R09.jpg,S3111R09,/Users/sarahoualli/Desktop/Casia_Iris_Twins/data/raw/CASIA-Iris-Twins/11/1R/S3111R09.jpg,/Users/sarahoualli/Desktop/Casia_Iris_Twins/data/segmentation_daugman/overlays/11__1R__S3111R09.jpg.png,True
11,1,R,F11_T1,F11_T1_R,1R,S3111R01.jpg,S3111R01,/Users/sarahoualli/Desktop/Casia_Iris_Twins/data/raw/CASIA-Iris-Twins/11/1R/S3111R01.jpg,/Users/sarahoualli/Desktop/Casia_Iris_Twins/data/segmentation_daugman/overlays/11__1R__S3111R01.jpg.png,True
11,1,R,F11_T1,F11_T1_R,1R,S3111R05.jpg,S3111R05,/Users/sarahoualli/Desktop/Casia_Iris_Twins/data/raw/CASIA-Iris-Twins/11/1R/S3111R05.jpg,/Users/sarahoualli/Desktop/Casia_Iris_Twins/data/segmentation_daugman/overlays/11__1R__S3111R05.jpg.png,True
11,2,L,F11_T2,F11_T2_L,2L,S3112L10.jpg,S3112L10,/Users/sarahoualli/Desktop/Casia_Iris_Twins/data/raw/CASIA-Iris-Twins/11/2L/S3112L10.jpg,/Users/sarahoualli/Desktop/Casia_Iris_Twins/data/segmentation_daugman/overlays/11__2L__S3112L10.jpg.png,True
17,1,L,F17_T1,F17_T1_L,1L,S3171L10.jpg,S3171L10,/Users/sarahoualli/Desktop/Casia_Iris_Twins/data/raw/CASIA-Iris-Twins/17/1L/S3171L10.jpg,/Users/sarahoualli/Desktop/Casia_Iris_Twins/data/segmentation_daugman/overlays/17__1L__S3171L10.jpg.png,True
17,2,L,F17_T2,F17_T2_L,2L,S3172L07.jpg,S3172L07,/Users/sarahoualli/Desktop/Casia_Iris_Twins/data/raw/CASIA-Iris-Twins/17/2L/S3172L07.jpg,/Users/sarahoualli/Desktop/Casia_Iris_Twins/data/segmentation_daugman/overlays/17__2L__S3172L07.jpg.png,True
17,2,R,F17_T2,F17_T2_R,2R,S3172R02.jpg,S3172R02,/Users/sarahoualli/Desktop/Casia_Iris_Twins/data/raw/CASIA-Iris-Twins/17/2R/S3172R02.jpg,/Users/sarahoualli/Desktop/Casia_Iris_Twins/data/segmentation_daugman/overlays/17__2R__S3172R02.jpg.png,True
9,2,L,F09_T2,F09_T2_L,2L,S3092L03.jpg,S3092L03,/Users/sarahoualli/Desktop/Casia_Iris_Twins/data/raw/CASIA-Iris-Twins/09/2L/S3092L03.jpg,/Users/sarahoualli/Desktop/Casia_Iris_Twins/data/segmentation_daugman/overlays/09__2L__S3092L03.jpg.png,True
9,2,L,F09_T2,F09_T2_L,2L,S3092L01.jpg,S3092L01,/Users/sarahoualli/Desktop/Casia_Iris_Twins/data/raw/CASIA-Iris-Twins/09/2L/S3092L01.jpg,/Users/sarahoualli/Desktop/Casia_Iris_Twins/data/segmentation_daugman/overlays/09__2L__S3092L01.jpg.png,True
9,2,L,F09_T2,F09_T2_L,2L,S3092L02.jpg,S3092L02,/Users/sarahoualli/Desktop/Casia_Iris_Twins/data/raw/CASIA-Iris-Twins/09/2L/S3092L02.jpg,/Users/sarahoualli/Desktop/Casia_Iris_Twins/data/segmentation_daugman/overlays/09__2L__S3092L02.jpg.png,True
9,2,L,F09_T2,F09_T2_L,2L,S3092L04.jpg,S3092L04,/Users/sarahoualli/Desktop/Casia_Iris_Twins/data/raw/CASIA-Iris-Twins/09/2L/S3092L04.jpg,/Users/sarahoualli/Desktop/Casia_Iris_Twins/data/segmentation_daugman/overlays/09__2L__S3092L04.jpg.png,True
9,2,L,F09_T2,F09_T2_L,2L,S3092L05.jpg,S3092L05,/Users/sarahoualli/Desktop/Casia_Iris_Twins/data/raw/CASIA-Iris-Twins/09/2L/S3092L05.jpg,/Users/sarahoualli/Desktop/Casia_Iris_Twins/data/segmentation_daugman/overlays/09__2L__S3092L05.jpg.png,True
9,2,R,F09_T2,F09_T2_R,2R,S3092R04.jpg,S3092R04,/Users/sarahoualli/Desktop/Casia_Iris_Twins/data/raw/CASIA-Iris-Twins/09/2R/S3092R04.jpg,/Users/sarahoualli/Desktop/Casia_Iris_Twins/data/segmentation_daugman/overlays/09__2R__S3092R04.jpg.png,True
9,2,R,F09_T2,F09_T2_R,2R,S3092R01.jpg,S3092R01,/Users/sarahoualli/Desktop/Casia_Iris_Twins/data/raw/CASIA-Iris-Twins/09/2R/S3092R01.jpg,/Users/sarahoualli/Desktop/Casia_Iris_Twins/data/segmentation_daugman/overlays/09__2R__S3092R01.jpg.png,True
9,2,R,F09_T2,F09_T2_R,2R,S3092R03.jpg,S3092R03,/Users/sarahoualli/Desktop/Casia_Iris_Twins/data/raw/CASIA-Iris-Twins/09/2R/S3092R03.jpg,/Users/sarahoualli/Desktop/Casia_Iris_Twins/data/segmentation_daugman/overlays/09__2R__S3092R03.jpg.png,True
9,2,R,F09_T2,F09_T2_R,2R,S3092R02.jpg,S3092R02,/Users/sarahoualli/Desktop/Casia_Iris_Twins/data/raw/CASIA-Iris-Twins/09/2R/S3092R02.jpg,/Users/sarahoualli/Desktop/Casia_Iris_Twins/data/segmentation_daugman/overlays/09__2R__S3092R02.jpg.png,True
9,2,R,F09_T2,F09_T2_R,2R,S3092R06.jpg,S3092R06,/Users/sarahoualli/Desktop/Casia_Iris_Twins/data/raw/CASIA-Iris-Twins/09/2R/S3092R06.jpg,/Users/sarahoualli/Desktop/Casia_Iris_Twins/data/segmentation_daugman/overlays/09__2R__S3092R06.jpg.png,True
7,1,L,F07_T1,F07_T1_L,1L,S3071L06.jpg,S3071L06,/Users/sarahoualli/Desktop/Casia_Iris_Twins/data/raw/CASIA-Iris-Twins/07/1L/S3071L06.jpg,/Users/sarahoualli/Desktop/Casia_Iris_Twins/data/segmentation_daugman/overlays/07__1L__S3071L06.jpg.png,True
7,2,L,F07_T2,F07_T2_L,2L,S3072L08.jpg,S3072L08,/Users/sarahoualli/Desktop/Casia_Iris_Twins/data/raw/CASIA-Iris-Twins/07/2L/S3072L08.jpg,/Users/sarahoualli/Desktop/Casia_Iris_Twins/data/segmentation_daugman/overlays/07__2L__S3072L08.jpg.png,True
7,2,L,F07_T2,F07_T2_L,2L,S3072L03.jpg,S3072L03,/Users/sarahoualli/Desktop/Casia_Iris_Twins/data/raw/CASIA-Iris-Twins/07/2L/S3072L03.jpg,/Users/sarahoualli/Desktop/Casia_Iris_Twins/data/segmentation_daugman/overlays/07__2L__S3072L03.jpg.png,True
7,2,L,F07_T2,F07_T2_L,2L,S3072L06.jpg,S3072L06,/Users/sarahoualli/Desktop/Casia_Iris_Twins/data/raw/CASIA-Iris-Twins/07/2L/S3072L06.jpg,/Users/sarahoualli/Desktop/Casia_Iris_Twins/data/segmentation_daugman/overlays/07__2L__S3072L06.jpg.png,True
7,2,L,F07_T2,F07_T2_L,2L,S3072L01.jpg,S3072L01,/Users/sarahoualli/Desktop/Casia_Iris_Twins/data/raw/CASIA-Iris-Twins/07/2L/S3072L01.jpg,/Users/sarahoualli/Desktop/Casia_Iris_Twins/data/segmentation_daugman/overlays/07__2L__S3072L01.jpg.png,True
7,2,L,F07_T2,F07_T2_L,2L,S3072L09.jpg,S3072L09,/Users/sarahoualli/Desktop/Casia_Iris_Twins/data/raw/CASIA-Iris-Twins/07/2L/S3072L09.jpg,/Users/sarahoualli/Desktop/Casia_Iris_Twins/data/segmentation_daugman/overlays/07__2L__S3072L09.jpg.png,True
7,2,R,F07_T2,F07_T2_R,2R,S3072R08.jpg,S3072R08,/Users/sarahoualli/Desktop/Casia_Iris_Twins/data/raw/CASIA-Iris-Twins/07/2R/S3072R08.jpg,/Users/sarahoualli/Desktop/Casia_Iris_Twins/data/segmentation_daugman/overlays/07__2R__S3072R08.jpg.png,True
7,2,R,F07_T2,F07_T2_R,2R,S3072R10.jpg,S3072R10,/Users/sarahoualli/Desktop/Casia_Iris_Twins/data/raw/CASIA-Iris-Twins/07/2R/S3072R10.jpg,/Users/sarahoualli/Desktop/Casia_Iris_Twins/data/segmentation_daugman/overlays/07__2R__S3072R10.jpg.png,True
16,2,L,F16_T2,F16_T2_L,2L,S3162L03.jpg,S3162L03,/Users/sarahoualli/Desktop/Casia_Iris_Twins/data/raw/CASIA-Iris-Twins/16/2L/S3162L03.jpg,/Users/sarahoualli/Desktop/Casia_Iris_Twins/data/segmentation_daugman/overlays/16__2L__S3162L03.jpg.png,True
16,2,L,F16_T2,F16_T2_L,2L,S3162L01.jpg,S3162L01,/Users/sarahoualli/Desktop/Casia_Iris_Twins/data/raw/CASIA-Iris-Twins/16/2L/S3162L01.jpg,/Users/sarahoualli/Desktop/Casia_Iris_Twins/data/segmentation_daugman/overlays/16__2L__S3162L01.jpg.png,True
16,2,L,F16_T2,F16_T2_L,2L,S3162L02.jpg,S3162L02,/Users/sarahoualli/Desktop/Casia_Iris_Twins/data/raw/CASIA-Iris-Twins/16/2L/S3162L02.jpg,/Users/sarahoualli/Desktop/Casia_Iris_Twins/data/segmentation_daugman/overlays/16__2L__S3162L02.jpg.png,True
16,2,L,F16_T2,F16_T2_L,2L,S3162L04.jpg,S3162L04,/Users/sarahoualli/Desktop/Casia_Iris_Twins/data/raw/CASIA-Iris-Twins/16/2L/S3162L04.jpg,/Users/sarahoualli/Desktop/Casia_Iris_Twins/data/segmentation_daugman/overlays/16__2L__S3162L04.jpg.png,True
16,2,R,F16_T2,F16_T2_R,2R,S3162R09.jpg,S3162R09,/Users/sarahoualli/Desktop/Casia_Iris_Twins/data/raw/CASIA-Iris-Twins/16/2R/S3162R09.jpg,/Users/sarahoualli/Desktop/Casia_Iris_Twins/data/segmentation_daugman/overlays/16__2R__S3162R09.jpg.png,True
16,2,R,F16_T2,F16_T2_R,2R,S3162R06.jpg,S3162R06,/Users/sarahoualli/Desktop/Casia_Iris_Twins/data/raw/CASIA-Iris-Twins/16/2R/S3162R06.jpg,/Users/sarahoualli/Desktop/Casia_Iris_Twins/data/segmentation_daugman/overlays/16__2R__S3162R06.jpg.png,True
16,2,R,F16_T2,F16_T2_R,2R,S3162R10.jpg,S3162R10,/Users/sarahoualli/Desktop/Casia_Iris_Twins/data/raw/CASIA-Iris-Twins/16/2R/S3162R10.jpg,/Users/sarahoualli/Desktop/Casia_Iris_Twins/data/segmentation_daugman/overlays/16__2R__S3162R10.jpg.png,True
16,2,R,F16_T2,F16_T2_R,2R,S3162R08.jpg,S3162R08,/Users/sarahoualli/Desktop/Casia_Iris_Twins/data/raw/CASIA-Iris-Twins/16/2R/S3162R08.jpg,/Users/sarahoualli/Desktop/Casia_Iris_Twins/data/segmentation_daugman/overlays/16__2R__S3162R08.jpg.png,True
16,2,R,F16_T2,F16_T2_R,2R,S3162R07.jpg,S3162R07,/Users/sarahoualli/Desktop/Casia_Iris_Twins/data/raw/CASIA-Iris-Twins/16/2R/S3162R07.jpg,/Users/sarahoualli/Desktop/Casia_Iris_Twins/data/segmentation_daugman/overlays/16__2R__S3162R07.jpg.png,True
13,1,L,F13_T1,F13_T1_L,1L,S3131L08.jpg,S3131L08,/Users/sarahoualli/Desktop/Casia_Iris_Twins/data/raw/CASIA-Iris-Twins/13/1L/S3131L08.jpg,/Users/sarahoualli/Desktop/Casia_Iris_Twins/data/segmentation_daugman/overlays/13__1L__S3131L08.jpg.png,True
13,1,L,F13_T1,F13_T1_L,1L,S3131L10.jpg,S3131L10,/Users/sarahoualli/Desktop/Casia_Iris_Twins/data/raw/CASIA-Iris-Twins/13/1L/S3131L10.jpg,/Users/sarahoualli/Desktop/Casia_Iris_Twins/data/segmentation_daugman/overlays/13__1L__S3131L10.jpg.png,True
13,1,R,F13_T1,F13_T1_R,1R,S3131R04.jpg,S3131R04,/Users/sarahoualli/Desktop/Casia_Iris_Twins/data/raw/CASIA-Iris-Twins/13/1R/S3131R04.jpg,/Users/sarahoualli/Desktop/Casia_Iris_Twins/data/segmentation_daugman/overlays/13__1R__S3131R04.jpg.png,True
13,1,R,F13_T1,F13_T1_R,1R,S3131R06.jpg,S3131R06,/Users/sarahoualli/Desktop/Casia_Iris_Twins/data/raw/CASIA-Iris-Twins/13/1R/S3131R06.jpg,/Users/sarahoualli/Desktop/Casia_Iris_Twins/data/segmentation_daugman/overlays/13__1R__S3131R06.jpg.png,True
13,1,R,F13_T1,F13_T1_R,1R,S3131R05.jpg,S3131R05,/Users/sarahoualli/Desktop/Casia_Iris_Twins/data/raw/CASIA-Iris-Twins/13/1R/S3131R05.jpg,/Users/sarahoualli/Desktop/Casia_Iris_Twins/data/segmentation_daugman/overlays/13__1R__S3131R05.jpg.png,True
13,1,R,F13_T1,F13_T1_R,1R,S3131R07.jpg,S3131R07,/Users/sarahoualli/Desktop/Casia_Iris_Twins/data/raw/CASIA-Iris-Twins/13/1R/S3131R07.jpg,/Users/sarahoualli/Desktop/Casia_Iris_Twins/data/segmentation_daugman/overlays/13__1R__S3131R07.jpg.png,True
13,2,L,F13_T2,F13_T2_L,2L,S3132L09.jpg,S3132L09,/Users/sarahoualli/Desktop/Casia_Iris_Twins/data/raw/CASIA-Iris-Twins/13/2L/S3132L09.jpg,/Users/sarahoualli/Desktop/Casia_Iris_Twins/data/segmentation_daugman/overlays/13__2L__S3132L09.jpg.png,True
13,2,L,F13_T2,F13_T2_L,2L,S3132L08.jpg,S3132L08,/Users/sarahoualli/Desktop/Casia_Iris_Twins/data/raw/CASIA-Iris-Twins/13/2L/S3132L08.jpg,/Users/sarahoualli/Desktop/Casia_Iris_Twins/data/segmentation_daugman/overlays/13__2L__S3132L08.jpg.png,True
13,2,L,F13_T2,F13_T2_L,2L,S3132L05.jpg,S3132L05,/Users/sarahoualli/Desktop/Casia_Iris_Twins/data/raw/CASIA-Iris-Twins/13/2L/S3132L05.jpg,/Users/sarahoualli/Desktop/Casia_Iris_Twins/data/segmentation_daugman/overlays/13__2L__S3132L05.jpg.png,True
13,2,L,F13_T2,F13_T2_L,2L,S3132L10.jpg,S3132L10,/Users/sarahoualli/Desktop/Casia_Iris_Twins/data/raw/CASIA-Iris-Twins/13/2L/S3132L10.jpg,/Users/sarahoualli/Desktop/Casia_Iris_Twins/data/segmentation_daugman/overlays/13__2L__S3132L10.jpg.png,True
13,2,L,F13_T2,F13_T2_L,2L,S3132L04.jpg,S3132L04,/Users/sarahoualli/Desktop/Casia_Iris_Twins/data/raw/CASIA-Iris-Twins/13/2L/S3132L04.jpg,/Users/sarahoualli/Desktop/Casia_Iris_Twins/data/segmentation_daugman/overlays/13__2L__S3132L04.jpg.png,True
13,2,R,F13_T2,F13_T2_R,2R,S3132R06.jpg,S3132R06,/Users/sarahoualli/Desktop/Casia_Iris_Twins/data/raw/CASIA-Iris-Twins/13/2R/S3132R06.jpg,/Users/sarahoualli/Desktop/Casia_Iris_Twins/data/segmentation_daugman/overlays/13__2R__S3132R06.jpg.png,True
13,2,R,F13_T2,F13_T2_R,2R,S3132R07.jpg,S3132R07,/Users/sarahoualli/Desktop/Casia_Iris_Twins/data/raw/CASIA-Iris-Twins/13/2R/S3132R07.jpg,/Users/sarahoualli/Desktop/Casia_Iris_Twins/data/segmentation_daugman/overlays/13__2R__S3132R07.jpg.png,True
3,1,L,F03_T1,F03_T1_L,1L,S3031L06.jpg,S3031L06,/Users/sarahoualli/Desktop/Casia_Iris_Twins/data/raw/CASIA-Iris-Twins/03/1L/S3031L06.jpg,/Users/sarahoualli/Desktop/Casia_Iris_Twins/data/segmentation_daugman/overlays/03__1L__S3031L06.jpg.png,True
3,1,R,F03_T1,F03_T1_R,1R,S3031R09.jpg,S3031R09,/Users/sarahoualli/Desktop/Casia_Iris_Twins/data/raw/CASIA-Iris-Twins/03/1R/S3031R09.jpg,/Users/sarahoualli/Desktop/Casia_Iris_Twins/data/segmentation_daugman/overlays/03__1R__S3031R09.jpg.png,True
3,2,L,F03_T2,F03_T2_L,2L,S3032L08.jpg,S3032L08,/Users/sarahoualli/Desktop/Casia_Iris_Twins/data/raw/CASIA-Iris-Twins/03/2L/S3032L08.jpg,/Users/sarahoualli/Desktop/Casia_Iris_Twins/data/segmentation_daugman/overlays/03__2L__S3032L08.jpg.png,True
3,2,L,F03_T2,F03_T2_L,2L,S3032L10.jpg,S3032L10,/Users/sarahoualli/Desktop/Casia_Iris_Twins/data/raw/CASIA-Iris-Twins/03/2L/S3032L10.jpg,/Users/sarahoualli/Desktop/Casia_Iris_Twins/data/segmentation_daugman/overlays/03__2L__S3032L10.jpg.png,True
3,2,L,F03_T2,F03_T2_L,2L,S3032L09.jpg,S3032L09,/Users/sarahoualli/Desktop/Casia_Iris_Twins/data/raw/CASIA-Iris-Twins/03/2L/S3032L09.jpg,/Users/sarahoualli/Desktop/Casia_Iris_Twins/data/segmentation_daugman/overlays/03__2L__S3032L09.jpg.png,True
3,2,L,F03_T2,F03_T2_L,2L,S3032L05.jpg,S3032L05,/Users/sarahoualli/Desktop/Casia_Iris_Twins/data/raw/CASIA-Iris-Twins/03/2L/S3032L05.jpg,/Users/sarahoualli/Desktop/Casia_Iris_Twins/data/segmentation_daugman/overlays/03__2L__S3032L05.jpg.png,True
3,2,L,F03_T2,F03_T2_L,2L,S3032L06.jpg,S3032L06,/Users/sarahoualli/Desktop/Casia_Iris_Twins/data/raw/CASIA-Iris-Twins/03/2L/S3032L06.jpg,/Users/sarahoualli/Desktop/Casia_Iris_Twins/data/segmentation_daugman/overlays/03__2L__S3032L06.jpg.png,True
3,2,R,F03_T2,F03_T2_R,2R,S3032R10.jpg,S3032R10,/Users/sarahoualli/Desktop/Casia_Iris_Twins/data/raw/CASIA-Iris-Twins/03/2R/S3032R10.jpg,/Users/sarahoualli/Desktop/Casia_Iris_Twins/data/segmentation_daugman/overlays/03__2R__S3032R10.jpg.png,True
3,2,R,F03_T2,F03_T2_R,2R,S3032R05.jpg,S3032R05,/Users/sarahoualli/Desktop/Casia_Iris_Twins/data/raw/CASIA-Iris-Twins/03/2R/S3032R05.jpg,/Users/sarahoualli/Desktop/Casia_Iris_Twins/data/segmentation_daugman/overlays/03__2R__S3032R05.jpg.png,True
3,2,R,F03_T2,F03_T2_R,2R,S3032R04.jpg,S3032R04,/Users/sarahoualli/Desktop/Casia_Iris_Twins/data/raw/CASIA-Iris-Twins/03/2R/S3032R04.jpg,/Users/sarahoualli/Desktop/Casia_Iris_Twins/data/segmentation_daugman/overlays/03__2R__S3032R04.jpg.png,True
3,2,R,F03_T2,F03_T2_R,2R,S3032R07.jpg,S3032R07,/Users/sarahoualli/Desktop/Casia_Iris_Twins/data/raw/CASIA-Iris-Twins/03/2R/S3032R07.jpg,/Users/sarahoualli/Desktop/Casia_Iris_Twins/data/segmentation_daugman/overlays/03__2R__S3032R07.jpg.png,True
3,2,R,F03_T2,F03_T2_R,2R,S3032R06.jpg,S3032R06,/Users/sarahoualli/Desktop/Casia_Iris_Twins/data/raw/CASIA-Iris-Twins/03/2R/S3032R06.jpg,/Users/sarahoualli/Desktop/Casia_Iris_Twins/data/segmentation_daugman/overlays/03__2R__S3032R06.jpg.png,True
4,1,L,F04_T1,F04_T1_L,1L,S3041L03.jpg,S3041L03,/Users/sarahoualli/Desktop/Casia_Iris_Twins/data/raw/CASIA-Iris-Twins/04/1L/S3041L03.jpg,/Users/sarahoualli/Desktop/Casia_Iris_Twins/data/segmentation_daugman/overlays/04__1L__S3041L03.jpg.png,True
4,1,L,F04_T1,F04_T1_L,1L,S3041L06.jpg,S3041L06,/Users/sarahoualli/Desktop/Casia_Iris_Twins/data/raw/CASIA-Iris-Twins/04/1L/S3041L06.jpg,/Users/sarahoualli/Desktop/Casia_Iris_Twins/data/segmentation_daugman/overlays/04__1L__S3041L06.jpg.png,True
4,1,L,F04_T1,F04_T1_L,1L,S3041L05.jpg,S3041L05,/Users/sarahoualli/Desktop/Casia_Iris_Twins/data/raw/CASIA-Iris-Twins/04/1L/S3041L05.jpg,/Users/sarahoualli/Desktop/Casia_Iris_Twins/data/segmentation_daugman/overlays/04__1L__S3041L05.jpg.png,True
4,1,L,F04_T1,F04_T1_L,1L,S3041L04.jpg,S3041L04,/Users/sarahoualli/Desktop/Casia_Iris_Twins/data/raw/CASIA-Iris-Twins/04/1L/S3041L04.jpg,/Users/sarahoualli/Desktop/Casia_Iris_Twins/data/segmentation_daugman/overlays/04__1L__S3041L04.jpg.png,True
4,1,R,F04_T1,F04_T1_R,1R,S3041R01.jpg,S3041R01,/Users/sarahoualli/Desktop/Casia_Iris_Twins/data/raw/CASIA-Iris-Twins/04/1R/S3041R01.jpg,/Users/sarahoualli/Desktop/Casia_Iris_Twins/data/segmentation_daugman/overlays/04__1R__S3041R01.jpg.png,True
4,2,L,F04_T2,F04_T2_L,2L,S3042L08.jpg,S3042L08,/Users/sarahoualli/Desktop/Casia_Iris_Twins/data/raw/CASIA-Iris-Twins/04/2L/S3042L08.jpg,/Users/sarahoualli/Desktop/Casia_Iris_Twins/data/segmentation_daugman/overlays/04__2L__S3042L08.jpg.png,True
4,2,R,F04_T2,F04_T2_R,2R,S3042R07.jpg,S3042R07,/Users/sarahoualli/Desktop/Casia_Iris_Twins/data/raw/CASIA-Iris-Twins/04/2R/S3042R07.jpg,/Users/sarahoualli/Desktop/Casia_Iris_Twins/data/segmentation_daugman/overlays/04__2R__S3042R07.jpg.png,True
4,2,R,F04_T2,F04_T2_R,2R,S3042R08.jpg,S3042R08,/Users/sarahoualli/Desktop/Casia_Iris_Twins/data/raw/CASIA-Iris-Twins/04/2R/S3042R08.jpg,/Users/sarahoualli/Desktop/Casia_Iris_Twins/data/segmentation_daugman/overlays/04__2R__S3042R08.jpg.png,True
0,2,L,F00_T2,F00_T2_L,2L,S3002L02.jpg,S3002L02,/Users/sarahoualli/Desktop/Casia_Iris_Twins/data/raw/CASIA-Iris-Twins/00/2L/S3002L02.jpg,/Users/sarahoualli/Desktop/Casia_Iris_Twins/data/segmentation_daugman/overlays/00__2L__S3002L02.jpg.png,True
8,2,R,F08_T2,F08_T2_R,2R,S3082R05.jpg,S3082R05,/Users/sarahoualli/Desktop/Casia_Iris_Twins/data/raw/CASIA-Iris-Twins/08/2R/S3082R05.jpg,/Users/sarahoualli/Desktop/Casia_Iris_Twins/data/segmentation_daugman/overlays/08__2R__S3082R05.jpg.png,True
8,2,R,F08_T2,F08_T2_R,2R,S3082R02.jpg,S3082R02,/Users/sarahoualli/Desktop/Casia_Iris_Twins/data/raw/CASIA-Iris-Twins/08/2R/S3082R02.jpg,/Users/sarahoualli/Desktop/Casia_Iris_Twins/data/segmentation_daugman/overlays/08__2R__S3082R02.jpg.png,True
8,2,R,F08_T2,F08_T2_R,2R,S3082R06.jpg,S3082R06,/Users/sarahoualli/Desktop/Casia_Iris_Twins/data/raw/CASIA-Iris-Twins/08/2R/S3082R06.jpg,/Users/sarahoualli/Desktop/Casia_Iris_Twins/data/segmentation_daugman/overlays/08__2R__S3082R06.jpg.png,True
8,2,R,F08_T2,F08_T2_R,2R,S3082R01.jpg,S3082R01,/Users/sarahoualli/Desktop/Casia_Iris_Twins/data/raw/CASIA-Iris-Twins/08/2R/S3082R01.jpg,/Users/sarahoualli/Desktop/Casia_Iris_Twins/data/segmentation_daugman/overlays/08__2R__S3082R01.jpg.png,True
8,2,R,F08_T2,F08_T2_R,2R,S3082R04.jpg,S3082R04,/Users/sarahoualli/Desktop/Casia_Iris_Twins/data/raw/CASIA-Iris-Twins/08/2R/S3082R04.jpg,/Users/sarahoualli/Desktop/Casia_Iris_Twins/data/segmentation_daugman/overlays/08__2R__S3082R04.jpg.png,True
6,1,L,F06_T1,F06_T1_L,1L,S3061L03.jpg,S3061L03,/Users/sarahoualli/Desktop/Casia_Iris_Twins/data/raw/CASIA-Iris-Twins/06/1L/S3061L03.jpg,/Users/sarahoualli/Desktop/Casia_Iris_Twins/data/segmentation_daugman/overlays/06__1L__S3061L03.jpg.png,True
6,1,L,F06_T1,F06_T1_L,1L,S3061L02.jpg,S3061L02,/Users/sarahoualli/Desktop/Casia_Iris_Twins/data/raw/CASIA-Iris-Twins/06/1L/S3061L02.jpg,/Users/sarahoualli/Desktop/Casia_Iris_Twins/data/segmentation_daugman/overlays/06__1L__S3061L02.jpg.png,True
6,1,R,F06_T1,F06_T1_R,1R,S3061R01.jpg,S3061R01,/Users/sarahoualli/Desktop/Casia_Iris_Twins/data/raw/CASIA-Iris-Twins/06/1R/S3061R01.jpg,/Users/sarahoualli/Desktop/Casia_Iris_Twins/data/segmentation_daugman/overlays/06__1R__S3061R01.jpg.png,True
6,1,R,F06_T1,F06_T1_R,1R,S3061R04.jpg,S3061R04,/Users/sarahoualli/Desktop/Casia_Iris_Twins/data/raw/CASIA-Iris-Twins/06/1R/S3061R04.jpg,/Users/sarahoualli/Desktop/Casia_Iris_Twins/data/segmentation_daugman/overlays/06__1R__S3061R04.jpg.png,True
6,1,R,F06_T1,F06_T1_R,1R,S3061R07.jpg,S3061R07,/Users/sarahoualli/Desktop/Casia_Iris_Twins/data/raw/CASIA-Iris-Twins/06/1R/S3061R07.jpg,/Users/sarahoualli/Desktop/Casia_Iris_Twins/data/segmentation_daugman/overlays/06__1R__S3061R07.jpg.png,True
6,1,R,F06_T1,F06_T1_R,1R,S3061R08.jpg,S3061R08,/Users/sarahoualli/Desktop/Casia_Iris_Twins/data/raw/CASIA-Iris-Twins/06/1R/S3061R08.jpg,/Users/sarahoualli/Desktop/Casia_Iris_Twins/data/segmentation_daugman/overlays/06__1R__S3061R08.jpg.png,True
6,2,L,F06_T2,F06_T2_L,2L,S3062L03.jpg,S3062L03,/Users/sarahoualli/Desktop/Casia_Iris_Twins/data/raw/CASIA-Iris-Twins/06/2L/S3062L03.jpg,/Users/sarahoualli/Desktop/Casia_Iris_Twins/data/segmentation_daugman/overlays/06__2L__S3062L03.jpg.png,True
6,2,L,F06_T2,F06_T2_L,2L,S3062L05.jpg,S3062L05,/Users/sarahoualli/Desktop/Casia_Iris_Twins/data/raw/CASIA-Iris-Twins/06/2L/S3062L05.jpg,/Users/sarahoualli/Desktop/Casia_Iris_Twins/data/segmentation_daugman/overlays/06__2L__S3062L05.jpg.png,True
6,2,L,F06_T2,F06_T2_L,2L,S3062L07.jpg,S3062L07,/Users/sarahoualli/Desktop/Casia_Iris_Twins/data/raw/CASIA-Iris-Twins/06/2L/S3062L07.jpg,/Users/sarahoualli/Desktop/Casia_Iris_Twins/data/segmentation_daugman/overlays/06__2L__S3062L07.jpg.png,True
6,2,L,F06_T2,F06_T2_L,2L,S3062L06.jpg,S3062L06,/Users/sarahoualli/Desktop/Casia_Iris_Twins/data/raw/CASIA-Iris-Twins/06/2L/S3062L06.jpg,/Users/sarahoualli/Desktop/Casia_Iris_Twins/data/segmentation_daugman/overlays/06__2L__S3062L06.jpg.png,True
6,2,L,F06_T2,F06_T2_L,2L,S3062L04.jpg,S3062L04,/Users/sarahoualli/Desktop/Casia_Iris_Twins/data/raw/CASIA-Iris-Twins/06/2L/S3062L04.jpg,/Users/sarahoualli/Desktop/Casia_Iris_Twins/data/segmentation_daugman/overlays/06__2L__S3062L04.jpg.png,True
6,2,R,F06_T2,F06_T2_R,2R,S3062R02.jpg,S3062R02,/Users/sarahoualli/Desktop/Casia_Iris_Twins/data/raw/CASIA-Iris-Twins/06/2R/S3062R02.jpg,/Users/sarahoualli/Desktop/Casia_Iris_Twins/data/segmentation_daugman/overlays/06__2R__S3062R02.jpg.png,True
6,2,R,F06_T2,F06_T2_R,2R,S3062R09.jpg,S3062R09,/Users/sarahoualli/Desktop/Casia_Iris_Twins/data/raw/CASIA-Iris-Twins/06/2R/S3062R09.jpg,/Users/sarahoualli/Desktop/Casia_Iris_Twins/data/segmentation_daugman/overlays/06__2R__S3062R09.jpg.png,True
6,2,R,F06_T2,F06_T2_R,2R,S3062R10.jpg,S3062R10,/Users/sarahoualli/Desktop/Casia_Iris_Twins/data/raw/CASIA-Iris-Twins/06/2R/S3062R10.jpg,/Users/sarahoualli/Desktop/Casia_Iris_Twins/data/segmentation_daugman/overlays/06__2R__S3062R10.jpg.png,True
6,2,R,F06_T2,F06_T2_R,2R,S3062R07.jpg,S3062R07,/Users/sarahoualli/Desktop/Casia_Iris_Twins/data/raw/CASIA-Iris-Twins/06/2R/S3062R07.jpg,/Users/sarahoualli/Desktop/Casia_Iris_Twins/data/segmentation_daugman/overlays/06__2R__S3062R07.jpg.png,True
6,2,R,F06_T2,F06_T2_R,2R,S3062R08.jpg,S3062R08,/Users/sarahoualli/Desktop/Casia_Iris_Twins/data/raw/CASIA-Iris-Twins/06/2R/S3062R08.jpg,/Users/sarahoualli/Desktop/Casia_Iris_Twins/data/segmentation_daugman/overlays/06__2R__S3062R08.jpg.png,True
2,1,L,F02_T1,F02_T1_L,1L,S3021L04.jpg,S3021L04,/Users/sarahoualli/Desktop/Casia_Iris_Twins/data/raw/CASIA-Iris-Twins/02/1L/S3021L04.jpg,/Users/sarahoualli/Desktop/Casia_Iris_Twins/data/segmentation_daugman/overlays/02__1L__S3021L04.jpg.png,True
2,1,L,F02_T1,F02_T1_L,1L,S3021L03.jpg,S3021L03,/Users/sarahoualli/Desktop/Casia_Iris_Twins/data/raw/CASIA-Iris-Twins/02/1L/S3021L03.jpg,/Users/sarahoualli/Desktop/Casia_Iris_Twins/data/segmentation_daugman/overlays/02__1L__S3021L03.jpg.png,True
2,1,L,F02_T1,F02_T1_L,1L,S3021L06.jpg,S3021L06,/Users/sarahoualli/Desktop/Casia_Iris_Twins/data/raw/CASIA-Iris-Twins/02/1L/S3021L06.jpg,/Users/sarahoualli/Desktop/Casia_Iris_Twins/data/segmentation_daugman/overlays/02__1L__S3021L06.jpg.png,True
2,1,L,F02_T1,F02_T1_L,1L,S3021L02.jpg,S3021L02,/Users/sarahoualli/Desktop/Casia_Iris_Twins/data/raw/CASIA-Iris-Twins/02/1L/S3021L02.jpg,/Users/sarahoualli/Desktop/Casia_Iris_Twins/data/segmentation_daugman/overlays/02__1L__S3021L02.jpg.png,True
2,1,L,F02_T1,F02_T1_L,1L,S3021L01.jpg,S3021L01,/Users/sarahoualli/Desktop/Casia_Iris_Twins/data/raw/CASIA-Iris-Twins/02/1L/S3021L01.jpg,/Users/sarahoualli/Desktop/Casia_Iris_Twins/data/segmentation_daugman/overlays/02__1L__S3021L01.jpg.png,True
2,1,R,F02_T1,F02_T1_R,1R,S3021R09.jpg,S3021R09,/Users/sarahoualli/Desktop/Casia_Iris_Twins/data/raw/CASIA-Iris-Twins/02/1R/S3021R09.jpg,/Users/sarahoualli/Desktop/Casia_Iris_Twins/data/segmentation_daugman/overlays/02__1R__S3021R09.jpg.png,True
2,1,R,F02_T1,F02_T1_R,1R,S3021R01.jpg,S3021R01,/Users/sarahoualli/Desktop/Casia_Iris_Twins/data/raw/CASIA-Iris-Twins/02/1R/S3021R01.jpg,/Users/sarahoualli/Desktop/Casia_Iris_Twins/data/segmentation_daugman/overlays/02__1R__S3021R01.jpg.png,True
2,1,R,F02_T1,F02_T1_R,1R,S3021R02.jpg,S3021R02,/Users/sarahoualli/Desktop/Casia_Iris_Twins/data/raw/CASIA-Iris-Twins/02/1R/S3021R02.jpg,/Users/sarahoualli/Desktop/Casia_Iris_Twins/data/segmentation_daugman/overlays/02__1R__S3021R02.jpg.png,True
2,1,R,F02_T1,F02_T1_R,1R,S3021R07.jpg,S3021R07,/Users/sarahoualli/Desktop/Casia_Iris_Twins/data/raw/CASIA-Iris-Twins/02/1R/S3021R07.jpg,/Users/sarahoualli/Desktop/Casia_Iris_Twins/data/segmentation_daugman/overlays/02__1R__S3021R07.jpg.png,True
2,1,R,F02_T1,F02_T1_R,1R,S3021R06.jpg,S3021R06,/Users/sarahoualli/Desktop/Casia_Iris_Twins/data/raw/CASIA-Iris-Twins/02/1R/S3021R06.jpg,/Users/sarahoualli/Desktop/Casia_Iris_Twins/data/segmentation_daugman/overlays/02__1R__S3021R06.jpg.png,True
2,2,L,F02_T2,F02_T2_L,2L,S3022L01.jpg,S3022L01,/Users/sarahoualli/Desktop/Casia_Iris_Twins/data/raw/CASIA-Iris-Twins/02/2L/S3022L01.jpg,/Users/sarahoualli/Desktop/Casia_Iris_Twins/data/segmentation_daugman/overlays/02__2L__S3022L01.jpg.png,True
2,2,R,F02_T2,F02_T2_R,2R,S3022R01.jpg,S3022R01,/Users/sarahoualli/Desktop/Casia_Iris_Twins/data/raw/CASIA-Iris-Twins/02/2R/S3022R01.jpg,/Users/sarahoualli/Desktop/Casia_Iris_Twins/data/segmentation_daugman/overlays/02__2R__S3022R01.jpg.png,True
2,2,R,F02_T2,F02_T2_R,2R,S3022R02.jpg,S3022R02,/Users/sarahoualli/Desktop/Casia_Iris_Twins/data/raw/CASIA-Iris-Twins/02/2R/S3022R02.jpg,/Users/sarahoualli/Desktop/Casia_Iris_Twins/data/segmentation_daugman/overlays/02__2R__S3022R02.jpg.png,True
10,1,L,F10_T1,F10_T1_L,1L,S3101L08.jpg,S3101L08,/Users/sarahoualli/Desktop/Casia_Iris_Twins/data/raw/CASIA-Iris-Twins/10/1L/S3101L08.jpg,/Users/sarahoualli/Desktop/Casia_Iris_Twins/data/segmentation_daugman/overlays/10__1L__S3101L08.jpg.png,True
10,1,L,F10_T1,F10_T1_L,1L,S3101L04.jpg,S3101L04,/Users/sarahoualli/Desktop/Casia_Iris_Twins/data/raw/CASIA-Iris-Twins/10/1L/S3101L04.jpg,/Users/sarahoualli/Desktop/Casia_Iris_Twins/data/segmentation_daugman/overlays/10__1L__S3101L04.jpg.png,True
10,1,L,F10_T1,F10_T1_L,1L,S3101L02.jpg,S3101L02,/Users/sarahoualli/Desktop/Casia_Iris_Twins/data/raw/CASIA-Iris-Twins/10/1L/S3101L02.jpg,/Users/sarahoualli/Desktop/Casia_Iris_Twins/data/segmentation_daugman/overlays/10__1L__S3101L02.jpg.png,True
10,1,L,F10_T1,F10_T1_L,1L,S3101L09.jpg,S3101L09,/Users/sarahoualli/Desktop/Casia_Iris_Twins/data/raw/CASIA-Iris-Twins/10/1L/S3101L09.jpg,/Users/sarahoualli/Desktop/Casia_Iris_Twins/data/segmentation_daugman/overlays/10__1L__S3101L09.jpg.png,True
10,1,L,F10_T1,F10_T1_L,1L,S3101L10.jpg,S3101L10,/Users/sarahoualli/Desktop/Casia_Iris_Twins/data/raw/CASIA-Iris-Twins/10/1L/S3101L10.jpg,/Users/sarahoualli/Desktop/Casia_Iris_Twins/data/segmentation_daugman/overlays/10__1L__S3101L10.jpg.png,True
10,1,R,F10_T1,F10_T1_R,1R,S3101R07.jpg,S3101R07,/Users/sarahoualli/Desktop/Casia_Iris_Twins/data/raw/CASIA-Iris-Twins/10/1R/S3101R07.jpg,/Users/sarahoualli/Desktop/Casia_Iris_Twins/data/segmentation_daugman/overlays/10__1R__S3101R07.jpg.png,True
10,1,R,F10_T1,F10_T1_R,1R,S3101R04.jpg,S3101R04,/Users/sarahoualli/Desktop/Casia_Iris_Twins/data/raw/CASIA-Iris-Twins/10/1R/S3101R04.jpg,/Users/sarahoualli/Desktop/Casia_Iris_Twins/data/segmentation_daugman/overlays/10__1R__S3101R04.jpg.png,True
10,1,R,F10_T1,F10_T1_R,1R,S3101R03.jpg,S3101R03,/Users/sarahoualli/Desktop/Casia_Iris_Twins/data/raw/CASIA-Iris-Twins/10/1R/S3101R03.jpg,/Users/sarahoualli/Desktop/Casia_Iris_Twins/data/segmentation_daugman/overlays/10__1R__S3101R03.jpg.png,True
10,1,R,F10_T1,F10_T1_R,1R,S3101R02.jpg,S3101R02,/Users/sarahoualli/Desktop/Casia_Iris_Twins/data/raw/CASIA-Iris-Twins/10/1R/S3101R02.jpg,/Users/sarahoualli/Desktop/Casia_Iris_Twins/data/segmentation_daugman/overlays/10__1R__S3101R02.jpg.png,True
10,1,R,F10_T1,F10_T1_R,1R,S3101R05.jpg,S3101R05,/Users/sarahoualli/Desktop/Casia_Iris_Twins/data/raw/CASIA-Iris-Twins/10/1R/S3101R05.jpg,/Users/sarahoualli/Desktop/Casia_Iris_Twins/data/segmentation_daugman/overlays/10__1R__S3101R05.jpg.png,True
10,2,L,F10_T2,F10_T2_L,2L,S3102L10.jpg,S3102L10,/Users/sarahoualli/Desktop/Casia_Iris_Twins/data/raw/CASIA-Iris-Twins/10/2L/S3102L10.jpg,/Users/sarahoualli/Desktop/Casia_Iris_Twins/data/segmentation_daugman/overlays/10__2L__S3102L10.jpg.png,True
10,2,L,F10_T2,F10_T2_L,2L,S3102L09.jpg,S3102L09,/Users/sarahoualli/Desktop/Casia_Iris_Twins/data/raw/CASIA-Iris-Twins/10/2L/S3102L09.jpg,/Users/sarahoualli/Desktop/Casia_Iris_Twins/data/segmentation_daugman/overlays/10__2L__S3102L09.jpg.png,True
10,2,L,F10_T2,F10_T2_L,2L,S3102L01.jpg,S3102L01,/Users/sarahoualli/Desktop/Casia_Iris_Twins/data/raw/CASIA-Iris-Twins/10/2L/S3102L01.jpg,/Users/sarahoualli/Desktop/Casia_Iris_Twins/data/segmentation_daugman/overlays/10__2L__S3102L01.jpg.png,True
10,2,L,F10_T2,F10_T2_L,2L,S3102L07.jpg,S3102L07,/Users/sarahoualli/Desktop/Casia_Iris_Twins/data/raw/CASIA-Iris-Twins/10/2L/S3102L07.jpg,/Users/sarahoualli/Desktop/Casia_Iris_Twins/data/segmentation_daugman/overlays/10__2L__S3102L07.jpg.png,True
10,2,L,F10_T2,F10_T2_L,2L,S3102L06.jpg,S3102L06,/Users/sarahoualli/Desktop/Casia_Iris_Twins/data/raw/CASIA-Iris-Twins/10/2L/S3102L06.jpg,/Users/sarahoualli/Desktop/Casia_Iris_Twins/data/segmentation_daugman/overlays/10__2L__S3102L06.jpg.png,True
10,2,R,F10_T2,F10_T2_R,2R,S3102R07.jpg,S3102R07,/Users/sarahoualli/Desktop/Casia_Iris_Twins/data/raw/CASIA-Iris-Twins/10/2R/S3102R07.jpg,/Users/sarahoualli/Desktop/Casia_Iris_Twins/data/segmentation_daugman/overlays/10__2R__S3102R07.jpg.png,True
10,2,R,F10_T2,F10_T2_R,2R,S3102R08.jpg,S3102R08,/Users/sarahoualli/Desktop/Casia_Iris_Twins/data/raw/CASIA-Iris-Twins/10/2R/S3102R08.jpg,/Users/sarahoualli/Desktop/Casia_Iris_Twins/data/segmentation_daugman/overlays/10__2R__S3102R08.jpg.png,True
10,2,R,F10_T2,F10_T2_R,2R,S3102R02.jpg,S3102R02,/Users/sarahoualli/Desktop/Casia_Iris_Twins/data/raw/CASIA-Iris-Twins/10/2R/S3102R02.jpg,/Users/sarahoualli/Desktop/Casia_Iris_Twins/data/segmentation_daugman/overlays/10__2R__S3102R02.jpg.png,True
10,2,R,F10_T2,F10_T2_R,2R,S3102R06.jpg,S3102R06,/Users/sarahoualli/Desktop/Casia_Iris_Twins/data/raw/CASIA-Iris-Twins/10/2R/S3102R06.jpg,/Users/sarahoualli/Desktop/Casia_Iris_Twins/data/segmentation_daugman/overlays/10__2R__S3102R06.jpg.png,True
10,2,R,F10_T2,F10_T2_R,2R,S3102R09.jpg,S3102R09,/Users/sarahoualli/Desktop/Casia_Iris_Twins/data/raw/CASIA-Iris-Twins/10/2R/S3102R09.jpg,/Users/sarahoualli/Desktop/Casia_Iris_Twins/data/segmentation_daugman/overlays/10__2R__S3102R09.jpg.png,True
15,1,L,F15_T1,F15_T1_L,1L,S3151L06.jpg,S3151L06,/Users/sarahoualli/Desktop/Casia_Iris_Twins/data/raw/CASIA-Iris-Twins/15/1L/S3151L06.jpg,/Users/sarahoualli/Desktop/Casia_Iris_Twins/data/segmentation_daugman/overlays/15__1L__S3151L06.jpg.png,True
15,1,L,F15_T1,F15_T1_L,1L,S3151L04.jpg,S3151L04,/Users/sarahoualli/Desktop/Casia_Iris_Twins/data/raw/CASIA-Iris-Twins/15/1L/S3151L04.jpg,/Users/sarahoualli/Desktop/Casia_Iris_Twins/data/segmentation_daugman/overlays/15__1L__S3151L04.jpg.png,True
15,1,L,F15_T1,F15_T1_L,1L,S3151L03.jpg,S3151L03,/Users/sarahoualli/Desktop/Casia_Iris_Twins/data/raw/CASIA-Iris-Twins/15/1L/S3151L03.jpg,/Users/sarahoualli/Desktop/Casia_Iris_Twins/data/segmentation_daugman/overlays/15__1L__S3151L03.jpg.png,True
15,1,L,F15_T1,F15_T1_L,1L,S3151L05.jpg,S3151L05,/Users/sarahoualli/Desktop/Casia_Iris_Twins/data/raw/CASIA-Iris-Twins/15/1L/S3151L05.jpg,/Users/sarahoualli/Desktop/Casia_Iris_Twins/data/segmentation_daugman/overlays/15__1L__S3151L05.jpg.png,True
15,1,L,F15_T1,F15_T1_L,1L,S3151L07.jpg,S3151L07,/Users/sarahoualli/Desktop/Casia_Iris_Twins/data/raw/CASIA-Iris-Twins/15/1L/S3151L07.jpg,/Users/sarahoualli/Desktop/Casia_Iris_Twins/data/segmentation_daugman/overlays/15__1L__S3151L07.jpg.png,True
15,1,R,F15_T1,F15_T1_R,1R,S3151R03.jpg,S3151R03,/Users/sarahoualli/Desktop/Casia_Iris_Twins/data/raw/CASIA-Iris-Twins/15/1R/S3151R03.jpg,/Users/sarahoualli/Desktop/Casia_Iris_Twins/data/segmentation_daugman/overlays/15__1R__S3151R03.jpg.png,True
15,1,R,F15_T1,F15_T1_R,1R,S3151R01.jpg,S3151R01,/Users/sarahoualli/Desktop/Casia_Iris_Twins/data/raw/CASIA-Iris-Twins/15/1R/S3151R01.jpg,/Users/sarahoualli/Desktop/Casia_Iris_Twins/data/segmentation_daugman/overlays/15__1R__S3151R01.jpg.png,True
15,1,R,F15_T1,F15_T1_R,1R,S3151R02.jpg,S3151R02,/Users/sarahoualli/Desktop/Casia_Iris_Twins/data/raw/CASIA-Iris-Twins/15/1R/S3151R02.jpg,/Users/sarahoualli/Desktop/Casia_Iris_Twins/data/segmentation_daugman/overlays/15__1R__S3151R02.jpg.png,True
15,2,R,F15_T2,F15_T2_R,2R,S3152R04.jpg,S3152R04,/Users/sarahoualli/Desktop/Casia_Iris_Twins/data/raw/CASIA-Iris-Twins/15/2R/S3152R04.jpg,/Users/sarahoualli/Desktop/Casia_Iris_Twins/data/segmentation_daugman/overlays/15__2R__S3152R04.jpg.png,True
15,2,R,F15_T2,F15_T2_R,2R,S3152R03.jpg,S3152R03,/Users/sarahoualli/Desktop/Casia_Iris_Twins/data/raw/CASIA-Iris-Twins/15/2R/S3152R03.jpg,/Users/sarahoualli/Desktop/Casia_Iris_Twins/data/segmentation_daugman/overlays/15__2R__S3152R03.jpg.png,True
15,2,R,F15_T2,F15_T2_R,2R,S3152R02.jpg,S3152R02,/Users/sarahoualli/Desktop/Casia_Iris_Twins/data/raw/CASIA-Iris-Twins/15/2R/S3152R02.jpg,/Users/sarahoualli/Desktop/Casia_Iris_Twins/data/segmentation_daugman/overlays/15__2R__S3152R02.jpg.png,True
15,2,R,F15_T2,F15_T2_R,2R,S3152R07.jpg,S3152R07,/Users/sarahoualli/Desktop/Casia_Iris_Twins/data/raw/CASIA-Iris-Twins/15/2R/S3152R07.jpg,/Users/sarahoualli/Desktop/Casia_Iris_Twins/data/segmentation_daugman/overlays/15__2R__S3152R07.jpg.png,True
18,1,R,F18_T1,F18_T1_R,1R,S3181R04.jpg,S3181R04,/Users/sarahoualli/Desktop/Casia_Iris_Twins/data/raw/CASIA-Iris-Twins/18/1R/S3181R04.jpg,/Users/sarahoualli/Desktop/Casia_Iris_Twins/data/segmentation_daugman/overlays/18__1R__S3181R04.jpg.png,True
18,1,R,F18_T1,F18_T1_R,1R,S3181R05.jpg,S3181R05,/Users/sarahoualli/Desktop/Casia_Iris_Twins/data/raw/CASIA-Iris-Twins/18/1R/S3181R05.jpg,/Users/sarahoualli/Desktop/Casia_Iris_Twins/data/segmentation_daugman/overlays/18__1R__S3181R05.jpg.png,True
18,2,L,F18_T2,F18_T2_L,2L,S3182L01.jpg,S3182L01,/Users/sarahoualli/Desktop/Casia_Iris_Twins/data/raw/CASIA-Iris-Twins/18/2L/S3182L01.jpg,/Users/sarahoualli/Desktop/Casia_Iris_Twins/data/segmentation_daugman/overlays/18__2L__S3182L01.jpg.png,True
18,2,R,F18_T2,F18_T2_R,2R,S3182R05.jpg,S3182R05,/Users/sarahoualli/Desktop/Casia_Iris_Twins/data/raw/CASIA-Iris-Twins/18/2R/S3182R05.jpg,/Users/sarahoualli/Desktop/Casia_Iris_Twins/data/segmentation_daugman/overlays/18__2R__S3182R05.jpg.png,True
18,2,R,F18_T2,F18_T2_R,2R,S3182R06.jpg,S3182R06,/Users/sarahoualli/Desktop/Casia_Iris_Twins/data/raw/CASIA-Iris-Twins/18/2R/S3182R06.jpg,/Users/sarahoualli/Desktop/Casia_Iris_Twins/data/segmentation_daugman/overlays/18__2R__S3182R06.jpg.png,True
18,2,R,F18_T2,F18_T2_R,2R,S3182R04.jpg,S3182R04,/Users/sarahoualli/Desktop/Casia_Iris_Twins/data/raw/CASIA-Iris-Twins/18/2R/S3182R04.jpg,/Users/sarahoualli/Desktop/Casia_Iris_Twins/data/segmentation_daugman/overlays/18__2R__S3182R04.jpg.png,True
18,2,R,F18_T2,F18_T2_R,2R,S3182R03.jpg,S3182R03,/Users/sarahoualli/Desktop/Casia_Iris_Twins/data/raw/CASIA-Iris-Twins/18/2R/S3182R03.jpg,/Users/sarahoualli/Desktop/Casia_Iris_Twins/data/segmentation_daugman/overlays/18__2R__S3182R03.jpg.png,True
18,2,R,F18_T2,F18_T2_R,2R,S3182R07.jpg,S3182R07,/Users/sarahoualli/Desktop/Casia_Iris_Twins/data/raw/CASIA-Iris-Twins/18/2R/S3182R07.jpg,/Users/sarahoualli/Desktop/Casia_Iris_Twins/data/segmentation_daugman/overlays/18__2R__S3182R07.jpg.png,True
14,1,L,F14_T1,F14_T1_L,1L,S3141L03.jpg,S3141L03,/Users/sarahoualli/Desktop/Casia_Iris_Twins/data/raw/CASIA-Iris-Twins/14/1L/S3141L03.jpg,/Users/sarahoualli/Desktop/Casia_Iris_Twins/data/segmentation_daugman/overlays/14__1L__S3141L03.jpg.png,True
14,1,R,F14_T1,F14_T1_R,1R,S3141R07.jpg,S3141R07,/Users/sarahoualli/Desktop/Casia_Iris_Twins/data/raw/CASIA-Iris-Twins/14/1R/S3141R07.jpg,/Users/sarahoualli/Desktop/Casia_Iris_Twins/data/segmentation_daugman/overlays/14__1R__S3141R07.jpg.png,True
14,1,R,F14_T1,F14_T1_R,1R,S3141R10.jpg,S3141R10,/Users/sarahoualli/Desktop/Casia_Iris_Twins/data/raw/CASIA-Iris-Twins/14/1R/S3141R10.jpg,/Users/sarahoualli/Desktop/Casia_Iris_Twins/data/segmentation_daugman/overlays/14__1R__S3141R10.jpg.png,True
14,1,R,F14_T1,F14_T1_R,1R,S3141R04.jpg,S3141R04,/Users/sarahoualli/Desktop/Casia_Iris_Twins/data/raw/CASIA-Iris-Twins/14/1R/S3141R04.jpg,/Users/sarahoualli/Desktop/Casia_Iris_Twins/data/segmentation_daugman/overlays/14__1R__S3141R04.jpg.png,True
14,1,R,F14_T1,F14_T1_R,1R,S3141R06.jpg,S3141R06,/Users/sarahoualli/Desktop/Casia_Iris_Twins/data/raw/CASIA-Iris-Twins/14/1R/S3141R06.jpg,/Users/sarahoualli/Desktop/Casia_Iris_Twins/data/segmentation_daugman/overlays/14__1R__S3141R06.jpg.png,True
14,2,L,F14_T2,F14_T2_L,2L,S3142L03.jpg,S3142L03,/Users/sarahoualli/Desktop/Casia_Iris_Twins/data/raw/CASIA-Iris-Twins/14/2L/S3142L03.jpg,/Users/sarahoualli/Desktop/Casia_Iris_Twins/data/segmentation_daugman/overlays/14__2L__S3142L03.jpg.png,True
14,2,L,F14_T2,F14_T2_L,2L,S3142L02.jpg,S3142L02,/Users/sarahoualli/Desktop/Casia_Iris_Twins/data/raw/CASIA-Iris-Twins/14/2L/S3142L02.jpg,/Users/sarahoualli/Desktop/Casia_Iris_Twins/data/segmentation_daugman/overlays/14__2L__S3142L02.jpg.png,True
14,2,L,F14_T2,F14_T2_L,2L,S3142L04.jpg,S3142L04,/Users/sarahoualli/Desktop/Casia_Iris_Twins/data/raw/CASIA-Iris-Twins/14/2L/S3142L04.jpg,/Users/sarahoualli/Desktop/Casia_Iris_Twins/data/segmentation_daugman/overlays/14__2L__S3142L04.jpg.png,True
14,2,L,F14_T2,F14_T2_L,2L,S3142L07.jpg,S3142L07,/Users/sarahoualli/Desktop/Casia_Iris_Twins/data/raw/CASIA-Iris-Twins/14/2L/S3142L07.jpg,/Users/sarahoualli/Desktop/Casia_Iris_Twins/data/segmentation_daugman/overlays/14__2L__S3142L07.jpg.png,True
14,2,R,F14_T2,F14_T2_R,2R,S3142R08.jpg,S3142R08,/Users/sarahoualli/Desktop/Casia_Iris_Twins/data/raw/CASIA-Iris-Twins/14/2R/S3142R08.jpg,/Users/sarahoualli/Desktop/Casia_Iris_Twins/data/segmentation_daugman/overlays/14__2R__S3142R08.jpg.png,True
14,2,R,F14_T2,F14_T2_R,2R,S3142R07.jpg,S3142R07,/Users/sarahoualli/Desktop/Casia_Iris_Twins/data/raw/CASIA-Iris-Twins/14/2R/S3142R07.jpg,/Users/sarahoualli/Desktop/Casia_Iris_Twins/data/segmentation_daugman/overlays/14__2R__S3142R07.jpg.png,True
14,2,R,F14_T2,F14_T2_R,2R,S3142R10.jpg,S3142R10,/Users/sarahoualli/Desktop/Casia_Iris_Twins/data/raw/CASIA-Iris-Twins/14/2R/S3142R10.jpg,/Users/sarahoualli/Desktop/Casia_Iris_Twins/data/segmentation_daugman/overlays/14__2R__S3142R10.jpg.png,True
14,2,R,F14_T2,F14_T2_R,2R,S3142R09.jpg,S3142R09,/Users/sarahoualli/Desktop/Casia_Iris_Twins/data/raw/CASIA-Iris-Twins/14/2R/S3142R09.jpg,/Users/sarahoualli/Desktop/Casia_Iris_Twins/data/segmentation_daugman/overlays/14__2R__S3142R09.jpg.png,True
12,1,L,F12_T1,F12_T1_L,1L,S3121L03.jpg,S3121L03,/Users/sarahoualli/Desktop/Casia_Iris_Twins/data/raw/CASIA-Iris-Twins/12/1L/S3121L03.jpg,/Users/sarahoualli/Desktop/Casia_Iris_Twins/data/segmentation_daugman/overlays/12__1L__S3121L03.jpg.png,True
12,1,L,F12_T1,F12_T1_L,1L,S3121L02.jpg,S3121L02,/Users/sarahoualli/Desktop/Casia_Iris_Twins/data/raw/CASIA-Iris-Twins/12/1L/S3121L02.jpg,/Users/sarahoualli/Desktop/Casia_Iris_Twins/data/segmentation_daugman/overlays/12__1L__S3121L02.jpg.png,True
12,1,L,F12_T1,F12_T1_L,1L,S3121L01.jpg,S3121L01,/Users/sarahoualli/Desktop/Casia_Iris_Twins/data/raw/CASIA-Iris-Twins/12/1L/S3121L01.jpg,/Users/sarahoualli/Desktop/Casia_Iris_Twins/data/segmentation_daugman/overlays/12__1L__S3121L01.jpg.png,True
12,1,R,F12_T1,F12_T1_R,1R,S3121R04.jpg,S3121R04,/Users/sarahoualli/Desktop/Casia_Iris_Twins/data/raw/CASIA-Iris-Twins/12/1R/S3121R04.jpg,/Users/sarahoualli/Desktop/Casia_Iris_Twins/data/segmentation_daugman/overlays/12__1R__S3121R04.jpg.png,True
12,1,R,F12_T1,F12_T1_R,1R,S3121R02.jpg,S3121R02,/Users/sarahoualli/Desktop/Casia_Iris_Twins/data/raw/CASIA-Iris-Twins/12/1R/S3121R02.jpg,/Users/sarahoualli/Desktop/Casia_Iris_Twins/data/segmentation_daugman/overlays/12__1R__S3121R02.jpg.png,True
12,1,R,F12_T1,F12_T1_R,1R,S3121R01.jpg,S3121R01,/Users/sarahoualli/Desktop/Casia_Iris_Twins/data/raw/CASIA-Iris-Twins/12/1R/S3121R01.jpg,/Users/sarahoualli/Desktop/Casia_Iris_Twins/data/segmentation_daugman/overlays/12__1R__S3121R01.jpg.png,True
12,1,R,F12_T1,F12_T1_R,1R,S3121R08.jpg,S3121R08,/Users/sarahoualli/Desktop/Casia_Iris_Twins/data/raw/CASIA-Iris-Twins/12/1R/S3121R08.jpg,/Users/sarahoualli/Desktop/Casia_Iris_Twins/data/segmentation_daugman/overlays/12__1R__S3121R08.jpg.png,True
12,1,R,F12_T1,F12_T1_R,1R,S3121R07.jpg,S3121R07,/Users/sarahoualli/Desktop/Casia_Iris_Twins/data/raw/CASIA-Iris-Twins/12/1R/S3121R07.jpg,/Users/sarahoualli/Desktop/Casia_Iris_Twins/data/segmentation_daugman/overlays/12__1R__S3121R07.jpg.png,True
12,2,L,F12_T2,F12_T2_L,2L,S3122L09.jpg,S3122L09,/Users/sarahoualli/Desktop/Casia_Iris_Twins/data/raw/CASIA-Iris-Twins/12/2L/S3122L09.jpg,/Users/sarahoualli/Desktop/Casia_Iris_Twins/data/segmentation_daugman/overlays/12__2L__S3122L09.jpg.png,True
12,2,L,F12_T2,F12_T2_L,2L,S3122L07.jpg,S3122L07,/Users/sarahoualli/Desktop/Casia_Iris_Twins/data/raw/CASIA-Iris-Twins/12/2L/S3122L07.jpg,/Users/sarahoualli/Desktop/Casia_Iris_Twins/data/segmentation_daugman/overlays/12__2L__S3122L07.jpg.png,True
12,2,L,F12_T2,F12_T2_L,2L,S3122L10.jpg,S3122L10,/Users/sarahoualli/Desktop/Casia_Iris_Twins/data/raw/CASIA-Iris-Twins/12/2L/S3122L10.jpg,/Users/sarahoualli/Desktop/Casia_Iris_Twins/data/segmentation_daugman/overlays/12__2L__S3122L10.jpg.png,True
12,2,L,F12_T2,F12_T2_L,2L,S3122L01.jpg,S3122L01,/Users/sarahoualli/Desktop/Casia_Iris_Twins/data/raw/CASIA-Iris-Twins/12/2L/S3122L01.jpg,/Users/sarahoualli/Desktop/Casia_Iris_Twins/data/segmentation_daugman/overlays/12__2L__S3122L01.jpg.png,True
12,2,L,F12_T2,F12_T2_L,2L,S3122L05.jpg,S3122L05,/Users/sarahoualli/Desktop/Casia_Iris_Twins/data/raw/CASIA-Iris-Twins/12/2L/S3122L05.jpg,/Users/sarahoualli/Desktop/Casia_Iris_Twins/data/segmentation_daugman/overlays/12__2L__S3122L05.jpg.png,True
12,2,R,F12_T2,F12_T2_R,2R,S3122R02.jpg,S3122R02,/Users/sarahoualli/Desktop/Casia_Iris_Twins/data/raw/CASIA-Iris-Twins/12/2R/S3122R02.jpg,/Users/sarahoualli/Desktop/Casia_Iris_Twins/data/segmentation_daugman/overlays/12__2R__S3122R02.jpg.png,True
12,2,R,F12_T2,F12_T2_R,2R,S3122R04.jpg,S3122R04,/Users/sarahoualli/Desktop/Casia_Iris_Twins/data/raw/CASIA-Iris-Twins/12/2R/S3122R04.jpg,/Users/sarahoualli/Desktop/Casia_Iris_Twins/data/segmentation_daugman/overlays/12__2R__S3122R04.jpg.png,True
12,2,R,F12_T2,F12_T2_R,2R,S3122R03.jpg,S3122R03,/Users/sarahoualli/Desktop/Casia_Iris_Twins/data/raw/CASIA-Iris-Twins/12/2R/S3122R03.jpg,/Users/sarahoualli/Desktop/Casia_Iris_Twins/data/segmentation_daugman/overlays/12__2R__S3122R03.jpg.png,True
12,2,R,F12_T2,F12_T2_R,2R,S3122R01.jpg,S3122R01,/Users/sarahoualli/Desktop/Casia_Iris_Twins/data/raw/CASIA-Iris-Twins/12/2R/S3122R01.jpg,/Users/sarahoualli/Desktop/Casia_Iris_Twins/data/segmentation_daugman/overlays/12__2R__S3122R01.jpg.png,True
5,1,L,F05_T1,F05_T1_L,1L,S3051L07.jpg,S3051L07,/Users/sarahoualli/Desktop/Casia_Iris_Twins/data/raw/CASIA-Iris-Twins/05/1L/S3051L07.jpg,/Users/sarahoualli/Desktop/Casia_Iris_Twins/data/segmentation_daugman/overlays/05__1L__S3051L07.jpg.png,True
5,1,L,F05_T1,F05_T1_L,1L,S3051L08.jpg,S3051L08,/Users/sarahoualli/Desktop/Casia_Iris_Twins/data/raw/CASIA-Iris-Twins/05/1L/S3051L08.jpg,/Users/sarahoualli/Desktop/Casia_Iris_Twins/data/segmentation_daugman/overlays/05__1L__S3051L08.jpg.png,True
5,1,L,F05_T1,F05_T1_L,1L,S3051L10.jpg,S3051L10,/Users/sarahoualli/Desktop/Casia_Iris_Twins/data/raw/CASIA-Iris-Twins/05/1L/S3051L10.jpg,/Users/sarahoualli/Desktop/Casia_Iris_Twins/data/segmentation_daugman/overlays/05__1L__S3051L10.jpg.png,True
5,1,L,F05_T1,F05_T1_L,1L,S3051L06.jpg,S3051L06,/Users/sarahoualli/Desktop/Casia_Iris_Twins/data/raw/CASIA-Iris-Twins/05/1L/S3051L06.jpg,/Users/sarahoualli/Desktop/Casia_Iris_Twins/data/segmentation_daugman/overlays/05__1L__S3051L06.jpg.png,True
5,1,R,F05_T1,F05_T1_R,1R,S3051R01.jpg,S3051R01,/Users/sarahoualli/Desktop/Casia_Iris_Twins/data/raw/CASIA-Iris-Twins/05/1R/S3051R01.jpg,/Users/sarahoualli/Desktop/Casia_Iris_Twins/data/segmentation_daugman/overlays/05__1R__S3051R01.jpg.png,True
5,1,R,F05_T1,F05_T1_R,1R,S3051R03.jpg,S3051R03,/Users/sarahoualli/Desktop/Casia_Iris_Twins/data/raw/CASIA-Iris-Twins/05/1R/S3051R03.jpg,/Users/sarahoualli/Desktop/Casia_Iris_Twins/data/segmentation_daugman/overlays/05__1R__S3051R03.jpg.png,True
5,2,L,F05_T2,F05_T2_L,2L,S3052L01.jpg,S3052L01,/Users/sarahoualli/Desktop/Casia_Iris_Twins/data/raw/CASIA-Iris-Twins/05/2L/S3052L01.jpg,/Users/sarahoualli/Desktop/Casia_Iris_Twins/data/segmentation_daugman/overlays/05__2L__S3052L01.jpg.png,True
5,2,L,F05_T2,F05_T2_L,2L,S3052L02.jpg,S3052L02,/Users/sarahoualli/Desktop/Casia_Iris_Twins/data/raw/CASIA-Iris-Twins/05/2L/S3052L02.jpg,/Users/sarahoualli/Desktop/Casia_Iris_Twins/data/segmentation_daugman/overlays/05__2L__S3052L02.jpg.png,True
5,2,L,F05_T2,F05_T2_L,2L,S3052L03.jpg,S3052L03,/Users/sarahoualli/Desktop/Casia_Iris_Twins/data/raw/CASIA-Iris-Twins/05/2L/S3052L03.jpg,/Users/sarahoualli/Desktop/Casia_Iris_Twins/data/segmentation_daugman/overlays/05__2L__S3052L03.jpg.png,True
5,2,R,F05_T2,F05_T2_R,2R,S3052R01.jpg,S3052R01,/Users/sarahoualli/Desktop/Casia_Iris_Twins/data/raw/CASIA-Iris-Twins/05/2R/S3052R01.jpg,/Users/sarahoualli/Desktop/Casia_Iris_Twins/data/segmentation_daugman/overlays/05__2R__S3052R01.jpg.png,True
1,1,L,F01_T1,F01_T1_L,1L,S3011L07.jpg,S3011L07,/Users/sarahoualli/Desktop/Casia_Iris_Twins/data/raw/CASIA-Iris-Twins/01/1L/S3011L07.jpg,/Users/sarahoualli/Desktop/Casia_Iris_Twins/data/segmentation_daugman/overlays/01__1L__S3011L07.jpg.png,True
1,1,R,F01_T1,F01_T1_R,1R,S3011R01.jpg,S3011R01,/Users/sarahoualli/Desktop/Casia_Iris_Twins/data/raw/CASIA-Iris-Twins/01/1R/S3011R01.jpg,/Users/sarahoualli/Desktop/Casia_Iris_Twins/data/segmentation_daugman/overlays/01__1R__S3011R01.jpg.png,True
1,1,R,F01_T1,F01_T1_R,1R,S3011R02.jpg,S3011R02,/Users/sarahoualli/Desktop/Casia_Iris_Twins/data/raw/CASIA-Iris-Twins/01/1R/S3011R02.jpg,/Users/sarahoualli/Desktop/Casia_Iris_Twins/data/segmentation_daugman/overlays/01__1R__S3011R02.jpg.png,True
1,2,L,F01_T2,F01_T2_L,2L,S3012L07.jpg,S3012L07,/Users/sarahoualli/Desktop/Casia_Iris_Twins/data/raw/CASIA-Iris-Twins/01/2L/S3012L07.jpg,/Users/sarahoualli/Desktop/Casia_Iris_Twins/data/segmentation_daugman/overlays/01__2L__S3012L07.jpg.png,True
1,2,L,F01_T2,F01_T2_L,2L,S3012L02.jpg,S3012L02,/Users/sarahoualli/Desktop/Casia_Iris_Twins/data/raw/CASIA-Iris-Twins/01/2L/S3012L02.jpg,/Users/sarahoualli/Desktop/Casia_Iris_Twins/data/segmentation_daugman/overlays/01__2L__S3012L02.jpg.png,True
1,2,R,F01_T2,F01_T2_R,2R,S3012R07.jpg,S3012R07,/Users/sarahoualli/Desktop/Casia_Iris_Twins/data/raw/CASIA-Iris-Twins/01/2R/S3012R07.jpg,/Users/sarahoualli/Desktop/Casia_Iris_Twins/data/segmentation_daugman/overlays/01__2R__S3012R07.jpg.png,True
