family_id,twin_id,eye,subject_id,iris_id,image_idx,filename,relative_path,absolute_path,file_extension,file_size_bytes,sha256,width,height,mode,format,readable,error,filename_pattern_ok,filename_family_id,filename_twin_id,filename_eye,filename_image_idx,folder_filename_consistent,quality_ok,brightness,contrast,focus_score,dark_ratio,bright_ratio,folder_class,outlier_type
55,2,L,F55_T2,F55_T2_L,4,S3552L04.jpg,55/2L/S3552L04.jpg,/Users/sarahoualli/Desktop/BIO/iris_twins_project/data/raw/CASIA-Iris-Twins/55/2L/S3552L04.jpg,.jpg,14813,5dfa3cf5a86c4e13540ae6de2749a6831fbe71f3f5c074744c90f68f5006c12c,640,480,L,JPEG,True,,True,55,2,L,4,True,True,141.89671325683594,36.69343948364258,12.02199140065511,0.0003125,2.604166666666667e-05,2L,low_focus
1,1,R,F01_T1,F01_T1_R,2,S3011R02.jpg,01/1R/S3011R02.jpg,/Users/sarahoualli/Desktop/BIO/iris_twins_project/data/raw/CASIA-Iris-Twins/01/1R/S3011R02.jpg,.jpg,14403,aaf9a6217ba5e3917706a21b20ef6d33e52308e8e66cbb85ae87e14ded57c427,640,480,L,JPEG,True,,True,1,1,R,2,True,True,120.6760025024414,33.96540832519531,12.340301212565103,0.0009212239583333,7.486979166666666e-05,1R,low_focus
34,2,R,F34_T2,F34_T2_R,1,S3342R01.jpg,34/2R/S3342R01.jpg,/Users/sarahoualli/Desktop/BIO/iris_twins_project/data/raw/CASIA-Iris-Twins/34/2R/S3342R01.jpg,.jpg,15094,1d39a8cc9f70bb72d87cb3617f3ec34082452f499fc6c491f32b65f7a2de5616,640,480,L,JPEG,True,,True,34,2,R,1,True,True,126.07068634033205,35.68352127075195,13.668314884440102,0.0003287760416666,7.486979166666666e-05,2R,low_focus
55,2,L,F55_T2,F55_T2_L,3,S3552L03.jpg,55/2L/S3552L03.jpg,/Users/sarahoualli/Desktop/BIO/iris_twins_project/data/raw/CASIA-Iris-Twins/55/2L/S3552L03.jpg,.jpg,15061,1c1a73e15d7c8f38767f280712b520bc4791fb384c28f0ba86e4ea5faa629418,640,480,L,JPEG,True,,True,55,2,L,3,True,True,142.54360961914062,35.86704635620117,13.809198675780827,0.0003841145833333,3.90625e-05,2L,low_focus
21,2,L,F21_T2,F21_T2_L,1,S3212L01.jpg,21/2L/S3212L01.jpg,/Users/sarahoualli/Desktop/BIO/iris_twins_project/data/raw/CASIA-Iris-Twins/21/2L/S3212L01.jpg,.jpg,15163,49c9d51dc7fbb86ea363fec2f1bf36078033322e6d115ec830c5fbcb313b5f96,640,480,L,JPEG,True,,True,21,2,L,1,True,True,124.62445068359376,33.56263732910156,13.877305661349824,0.00107421875,9.440104166666666e-05,2L,low_focus
71,2,L,F71_T2,F71_T2_L,9,S3712L09.jpg,71/2L/S3712L09.jpg,/Users/sarahoualli/Desktop/BIO/iris_twins_project/data/raw/CASIA-Iris-Twins/71/2L/S3712L09.jpg,.jpg,14669,822635b7d5f5b23a11318f9624f710a77a83aba7b33baa1448252c3064edec1b,640,480,L,JPEG,True,,True,71,2,L,9,True,True,113.4894027709961,28.96879768371582,13.917436110432943,0.00173828125,0.000107421875,2L,low_focus
10,1,L,F10_T1,F10_T1_L,1,S3101L01.jpg,10/1L/S3101L01.jpg,/Users/sarahoualli/Desktop/BIO/iris_twins_project/data/raw/CASIA-Iris-Twins/10/1L/S3101L01.jpg,.jpg,15146,e15193cbc4e06546bcab26ac4c357f49bdb57d1b44426c9547442aa21aac3e68,640,480,L,JPEG,True,,True,10,1,L,1,True,True,126.23682403564452,35.36259841918945,13.922496120198566,0.0004231770833333,9.114583333333334e-05,1L,low_focus
9,2,L,F09_T2,F09_T2_L,8,S3092L08.jpg,09/2L/S3092L08.jpg,/Users/sarahoualli/Desktop/BIO/iris_twins_project/data/raw/CASIA-Iris-Twins/09/2L/S3092L08.jpg,.jpg,15346,cb35ffcae2941aae2cedce8207a480263e21429b25df98e5fa2e5fcb136eca53,640,480,L,JPEG,True,,True,9,2,L,8,True,True,143.8505401611328,36.453800201416016,13.970145134438413,0.0010286458333333,7.486979166666666e-05,2L,low_focus
54,2,R,F54_T2,F54_T2_R,2,S3542R02.jpg,54/2R/S3542R02.jpg,/Users/sarahoualli/Desktop/BIO/iris_twins_project/data/raw/CASIA-Iris-Twins/54/2R/S3542R02.jpg,.jpg,15721,2ceb09ae27b6fa87a8131a713290999e82729c3f9a2d9c5e788a1703307f5f1b,640,480,L,JPEG,True,,True,54,2,R,2,True,True,122.3750228881836,31.150848388671875,13.979541053507058,0.0007259114583333,0.000146484375,2R,low_focus
6,2,R,F06_T2,F06_T2_R,1,S3062R01.jpg,06/2R/S3062R01.jpg,/Users/sarahoualli/Desktop/BIO/iris_twins_project/data/raw/CASIA-Iris-Twins/06/2R/S3062R01.jpg,.jpg,14988,f41b66dec9847799192eaa05e5ff601b8bdde46ed8a2c77cb202e8a969e99173,640,480,L,JPEG,True,,True,6,2,R,1,True,True,129.36581420898438,35.253761291503906,14.010165593422776,0.00171875,4.557291666666667e-05,2R,low_focus
26,2,L,F26_T2,F26_T2_L,1,S3262L01.jpg,26/2L/S3262L01.jpg,/Users/sarahoualli/Desktop/BIO/iris_twins_project/data/raw/CASIA-Iris-Twins/26/2L/S3262L01.jpg,.jpg,14836,fefdae2e995c7de6b1ae227407f6e198c2e2d96ed1bb633fec0619deddb17408,640,480,L,JPEG,True,,True,26,2,L,1,True,True,139.05596923828125,33.32188034057617,14.115890151458318,0.00021484375,9.114583333333334e-05,2L,low_focus
13,1,R,F13_T1,F13_T1_R,1,S3131R01.jpg,13/1R/S3131R01.jpg,/Users/sarahoualli/Desktop/BIO/iris_twins_project/data/raw/CASIA-Iris-Twins/13/1R/S3131R01.jpg,.jpg,16140,998725ab290be328276f6ad4a6f499af350c53e80664e03c8a6aa44ad3492781,640,480,L,JPEG,True,,True,13,1,R,1,True,True,135.534423828125,35.926448822021484,14.208805221462248,0.0009635416666666,8.7890625e-05,1R,low_focus
56,1,R,F56_T1,F56_T1_R,1,S3561R01.jpg,56/1R/S3561R01.jpg,/Users/sarahoualli/Desktop/BIO/iris_twins_project/data/raw/CASIA-Iris-Twins/56/1R/S3561R01.jpg,.jpg,15731,cb2c9ac695fa58f51aa35252d32ce5e6079ab421970ada542b72543dd65f20c9,640,480,L,JPEG,True,,True,56,1,R,1,True,True,125.6261978149414,31.86710548400879,14.40634599541558,0.0010677083333333,8.463541666666667e-05,1R,low_focus
37,1,L,F37_T1,F37_T1_L,3,S3371L03.jpg,37/1L/S3371L03.jpg,/Users/sarahoualli/Desktop/BIO/iris_twins_project/data/raw/CASIA-Iris-Twins/37/1L/S3371L03.jpg,.jpg,15990,231f579f8979da28ee795bc2de4950e4e760d83f6d2b5e81f92faefed10d10d1,640,480,L,JPEG,True,,True,37,1,L,3,True,True,110.5754165649414,32.57056427001953,14.760055459075502,0.0042545572916666,6.8359375e-05,1L,low_focus
58,2,L,F58_T2,F58_T2_L,1,S3582L01.jpg,58/2L/S3582L01.jpg,/Users/sarahoualli/Desktop/BIO/iris_twins_project/data/raw/CASIA-Iris-Twins/58/2L/S3582L01.jpg,.jpg,16410,82efe8c7b471e0ccbcbcaf186118066535d3249f7ee6f0f646a81d877081bbd6,640,480,L,JPEG,True,,True,58,2,L,1,True,True,135.67630004882812,37.314510345458984,14.99443092387517,0.0003548177083333,6.510416666666667e-05,2L,low_focus
38,2,L,F38_T2,F38_T2_L,6,S3382L06.jpg,38/2L/S3382L06.jpg,/Users/sarahoualli/Desktop/BIO/iris_twins_project/data/raw/CASIA-Iris-Twins/38/2L/S3382L06.jpg,.jpg,16059,a9c617486dedb4c2d263e5f543792008bc5bec42f07de750cb4ef41c7dde9ba0,640,480,L,JPEG,True,,True,38,2,L,6,True,True,122.11708068847656,32.54750061035156,15.017496744791666,0.0004166666666666,2.2786458333333334e-05,2L,low_focus
63,2,R,F63_T2,F63_T2_R,6,S3632R06.jpg,63/2R/S3632R06.jpg,/Users/sarahoualli/Desktop/BIO/iris_twins_project/data/raw/CASIA-Iris-Twins/63/2R/S3632R06.jpg,.jpg,15995,04be052c42f15a338c53c2d656e925748650114a2f74fe5d4aec9263c1f3ec4c,640,480,L,JPEG,True,,True,63,2,R,6,True,True,141.59275817871094,35.052894592285156,15.068369024054206,0.0003515625,9.765625e-05,2R,low_focus
21,1,R,F21_T1,F21_T1_R,1,S3211R01.jpg,21/1R/S3211R01.jpg,/Users/sarahoualli/Desktop/BIO/iris_twins_project/data/raw/CASIA-Iris-Twins/21/1R/S3211R01.jpg,.jpg,15944,48efbc241c3fa45ff52d878c90af51fd21ba53311ac2b2e3b05cef9c61a5c936,640,480,L,JPEG,True,,True,21,1,R,1,True,True,122.82425689697266,38.41270446777344,15.1470340371026,0.000615234375,5.5338541666666664e-05,1R,low_focus
55,2,L,F55_T2,F55_T2_L,2,S3552L02.jpg,55/2L/S3552L02.jpg,/Users/sarahoualli/Desktop/BIO/iris_twins_project/data/raw/CASIA-Iris-Twins/55/2L/S3552L02.jpg,.jpg,15081,5011cf08b74bbcdc3fb872f1168d1a47b49a8a424650854c80ccd61a367ee79c,640,480,L,JPEG,True,,True,55,2,L,2,True,True,142.83949279785156,37.77389907836914,15.2014653154903,0.0003059895833333,7.161458333333333e-05,2L,low_focus
24,2,R,F24_T2,F24_T2_R,7,S3242R07.jpg,24/2R/S3242R07.jpg,/Users/sarahoualli/Desktop/BIO/iris_twins_project/data/raw/CASIA-Iris-Twins/24/2R/S3242R07.jpg,.jpg,15658,1b03b3d173c82a9edc9c8998000fbd927e9b726776973eee31f7c4c27b6dc9ba,640,480,L,JPEG,True,,True,24,2,R,7,True,True,109.3076400756836,37.351444244384766,15.309956725554995,0.0142610677083333,6.184895833333334e-05,2R,low_focus
34,1,R,F34_T1,F34_T1_R,1,S3341R01.jpg,34/1R/S3341R01.jpg,/Users/sarahoualli/Desktop/BIO/iris_twins_project/data/raw/CASIA-Iris-Twins/34/1R/S3341R01.jpg,.jpg,15265,fa1de2493f4e02324bf52f113c834d92c618bd395ab5a381f8bcdedd33afb0a6,640,480,L,JPEG,True,,True,34,1,R,1,True,True,125.19769287109376,35.376731872558594,15.326532437547046,0.0003678385416666,7.8125e-05,1R,low_focus
42,1,R,F42_T1,F42_T1_R,1,S3421R01.jpg,42/1R/S3421R01.jpg,/Users/sarahoualli/Desktop/BIO/iris_twins_project/data/raw/CASIA-Iris-Twins/42/1R/S3421R01.jpg,.jpg,14711,f67e14586a9d2cf12cf06e93fcdecf07dca83848db2f2fce8d93573a524b2a99,640,480,L,JPEG,True,,True,42,1,R,1,True,True,122.6035385131836,31.872726440429688,15.372887997934557,0.001259765625,0.0001497395833333,1R,low_focus
19,1,R,F19_T1,F19_T1_R,3,S3191R03.jpg,19/1R/S3191R03.jpg,/Users/sarahoualli/Desktop/BIO/iris_twins_project/data/raw/CASIA-Iris-Twins/19/1R/S3191R03.jpg,.jpg,17639,c2e3b587e4ad68746680e6e9557c2196f41647f5fcca2af7fa3f4a1fccd0adb7,640,480,L,JPEG,True,,True,19,1,R,3,True,True,124.2398681640625,40.62739944458008,15.410246979512111,0.00173828125,5.5338541666666664e-05,1R,low_focus
7,1,R,F07_T1,F07_T1_R,1,S3071R01.jpg,07/1R/S3071R01.jpg,/Users/sarahoualli/Desktop/BIO/iris_twins_project/data/raw/CASIA-Iris-Twins/07/1R/S3071R01.jpg,.jpg,16368,5e18c46969eabfc6db08a7a08c1ed427369e1a3f5a17933b942d50b7dd1bef18,640,480,L,JPEG,True,,True,7,1,R,1,True,True,114.1324462890625,33.37545394897461,15.540538564003835,0.0013248697916666,3.90625e-05,1R,low_focus
98,2,R,F98_T2,F98_T2_R,1,S3982R01.jpg,98/2R/S3982R01.jpg,/Users/sarahoualli/Desktop/BIO/iris_twins_project/data/raw/CASIA-Iris-Twins/98/2R/S3982R01.jpg,.jpg,15669,6d2469e6d2e01c0cd4bfd6372ea81a179e0a96d87c97661a07584cac51f7c49a,640,480,L,JPEG,True,,True,98,2,R,1,True,True,103.96670532226562,29.97578239440918,15.560599755181205,0.0013053385416666,9.440104166666666e-05,2R,low_focus
53,1,L,F53_T1,F53_T1_L,1,S3531L01.jpg,53/1L/S3531L01.jpg,/Users/sarahoualli/Desktop/BIO/iris_twins_project/data/raw/CASIA-Iris-Twins/53/1L/S3531L01.jpg,.jpg,15802,e7a875c118de3882a2cef87284013618210e3cf3647d85fd7821e3ba2a8af4df,640,480,L,JPEG,True,,True,53,1,L,1,True,True,205.11395263671875,42.468936920166016,31.16414170900979,0.0001432291666666,0.325634765625,1L,high_bright_ratio
43,2,R,F43_T2,F43_T2_R,2,S3432R02.jpg,43/2R/S3432R02.jpg,/Users/sarahoualli/Desktop/BIO/iris_twins_project/data/raw/CASIA-Iris-Twins/43/2R/S3432R02.jpg,.jpg,14906,361391d0806b9c93174e377f4ebe18e079d0e4c9b9ce32368cddbe134f78fbb6,640,480,L,JPEG,True,,True,43,2,R,2,True,True,200.1967010498047,46.544334411621094,26.81068403217528,0.0001529947916666,0.3041569010416666,2R,high_bright_ratio
47,1,R,F47_T1,F47_T1_R,7,S3471R07.jpg,47/1R/S3471R07.jpg,/Users/sarahoualli/Desktop/BIO/iris_twins_project/data/raw/CASIA-Iris-Twins/47/1R/S3471R07.jpg,.jpg,19577,55f09fe35dfdac6800f55fa94073ea2f97916471025b0da171849437a575440d,640,480,L,JPEG,True,,True,47,1,R,7,True,True,195.2776641845703,43.39066696166992,50.58641817702187,6.510416666666667e-06,0.285478515625,1R,high_bright_ratio
97,2,R,F97_T2,F97_T2_R,1,S3972R01.jpg,97/2R/S3972R01.jpg,/Users/sarahoualli/Desktop/BIO/iris_twins_project/data/raw/CASIA-Iris-Twins/97/2R/S3972R01.jpg,.jpg,17694,8ad12d6dfc396ebaa3a6417176a7e64da2b58247678545034bada085e53aeb80,640,480,L,JPEG,True,,True,97,2,R,1,True,True,172.00730895996094,57.937225341796875,33.32059871587752,0.0002669270833333,0.2422981770833333,2R,high_bright_ratio
99,1,R,F99_T1,F99_T1_R,1,S3991R01.jpg,99/1R/S3991R01.jpg,/Users/sarahoualli/Desktop/BIO/iris_twins_project/data/raw/CASIA-Iris-Twins/99/1R/S3991R01.jpg,.jpg,16150,d37f062ff70641fec1209fcf810c56681655797d68ea11ddc56eef986d4ae106,640,480,L,JPEG,True,,True,99,1,R,1,True,True,190.3951110839844,43.86250686645508,26.714612961228685,1.953125e-05,0.2193815104166666,1R,high_bright_ratio
96,1,L,F96_T1,F96_T1_L,1,S3961L01.jpg,96/1L/S3961L01.jpg,/Users/sarahoualli/Desktop/BIO/iris_twins_project/data/raw/CASIA-Iris-Twins/96/1L/S3961L01.jpg,.jpg,18960,660c909b9c147ed18cb8b84185bbf1769998959c3b66e1d4c31ca6050a8fd321,640,480,L,JPEG,True,,True,96,1,L,1,True,True,139.28323364257812,66.51872253417969,38.48695866389804,0.00486328125,0.2170052083333333,1L,high_bright_ratio
99,1,R,F99_T1,F99_T1_R,2,S3991R02.jpg,99/1R/S3991R02.jpg,/Users/sarahoualli/Desktop/BIO/iris_twins_project/data/raw/CASIA-Iris-Twins/99/1R/S3991R02.jpg,.jpg,14645,be7929d407fc5ace5cb01c1209af5f9c569eb9c77985f215702ba5fe9369d600,640,480,L,JPEG,True,,True,99,1,R,2,True,True,187.47361755371097,45.13214492797851,20.564908392333987,2.604166666666667e-05,0.210703125,1R,high_bright_ratio
62,2,R,F62_T2,F62_T2_R,9,S3622R09.jpg,62/2R/S3622R09.jpg,/Users/sarahoualli/Desktop/BIO/iris_twins_project/data/raw/CASIA-Iris-Twins/62/2R/S3622R09.jpg,.jpg,19838,0c1cee3e0136bc896cae96aa7605d58cdb04bd184de74cd10e13fa9eb4312e37,640,480,L,JPEG,True,,True,62,2,R,9,True,True,158.81968688964844,69.72528076171875,52.57974517795774,0.0006868489583333,0.18765625,2R,high_bright_ratio
96,2,R,F96_T2,F96_T2_R,1,S3962R01.jpg,96/2R/S3962R01.jpg,/Users/sarahoualli/Desktop/BIO/iris_twins_project/data/raw/CASIA-Iris-Twins/96/2R/S3962R01.jpg,.jpg,23377,2dbf3b3054bed6ef781c3c0373be15718417c1448e651de9c6869ca9d3939177,640,480,L,JPEG,True,,True,96,2,R,1,True,True,151.7812957763672,60.5090217590332,71.89112011650936,0.00123046875,0.1631380208333333,2R,high_bright_ratio
53,1,L,F53_T1,F53_T1_L,4,S3531L04.jpg,53/1L/S3531L04.jpg,/Users/sarahoualli/Desktop/BIO/iris_twins_project/data/raw/CASIA-Iris-Twins/53/1L/S3531L04.jpg,.jpg,15621,48b9bc8bd3a184e97fbbb95c44ecc7e8a77d96dab2a5dc566e5d1b0d0d620897,640,480,L,JPEG,True,,True,53,1,L,4,True,True,171.23788452148438,50.86717224121094,25.142302728229105,0.0006184895833333,0.1370442708333333,1L,high_bright_ratio
96,1,L,F96_T1,F96_T1_L,2,S3961L02.jpg,96/1L/S3961L02.jpg,/Users/sarahoualli/Desktop/BIO/iris_twins_project/data/raw/CASIA-Iris-Twins/96/1L/S3961L02.jpg,.jpg,22367,28e8c5bf85e730b41781fb3e79e85c7e722de07ec45ceca654a32bb7fa8bf314,640,480,L,JPEG,True,,True,96,1,L,2,True,True,152.45458984375,56.838523864746094,47.31470917358398,0.0041927083333333,0.1190787760416666,1L,high_bright_ratio
96,2,R,F96_T2,F96_T2_R,2,S3962R02.jpg,96/2R/S3962R02.jpg,/Users/sarahoualli/Desktop/BIO/iris_twins_project/data/raw/CASIA-Iris-Twins/96/2R/S3962R02.jpg,.jpg,22026,4723d3b3177a102cedb345a38e83e479ae14871f84fca357fcc2150c6492fe3a,640,480,L,JPEG,True,,True,96,2,R,2,True,True,133.4362030029297,58.77690887451172,42.620981505828425,0.0021516927083333,0.1146809895833333,2R,high_bright_ratio
53,1,L,F53_T1,F53_T1_L,5,S3531L05.jpg,53/1L/S3531L05.jpg,/Users/sarahoualli/Desktop/BIO/iris_twins_project/data/raw/CASIA-Iris-Twins/53/1L/S3531L05.jpg,.jpg,17112,e3453ed4789e1b50d5591ff08407ad146241bdbd74a5ae2f1b6abf1db5bb21f5,640,480,L,JPEG,True,,True,53,1,L,5,True,True,167.5110626220703,51.76798248291016,25.33793008718491,0.0010091145833333,0.0865462239583333,1L,high_bright_ratio
96,2,R,F96_T2,F96_T2_R,3,S3962R03.jpg,96/2R/S3962R03.jpg,/Users/sarahoualli/Desktop/BIO/iris_twins_project/data/raw/CASIA-Iris-Twins/96/2R/S3962R03.jpg,.jpg,24971,6dc3ebd851d91e0d583408d98f9120b648dcf87db49d2356e0bb83b17ad598b9,640,480,L,JPEG,True,,True,96,2,R,3,True,True,138.1725311279297,55.29779052734375,106.81452141646278,0.0013151041666666,0.081669921875,2R,high_bright_ratio
62,2,R,F62_T2,F62_T2_R,8,S3622R08.jpg,62/2R/S3622R08.jpg,/Users/sarahoualli/Desktop/BIO/iris_twins_project/data/raw/CASIA-Iris-Twins/62/2R/S3622R08.jpg,.jpg,21906,5a49b3063f1a35202e9864ce3d55e7fb6d6f2fc6dd14e6bea6ce0ee05d7c2917,640,480,L,JPEG,True,,True,62,2,R,8,True,True,144.6719970703125,60.48958969116211,45.3157054379675,0.0055045572916666,0.0554720052083333,2R,high_bright_ratio
62,2,R,F62_T2,F62_T2_R,3,S3622R03.jpg,62/2R/S3622R03.jpg,/Users/sarahoualli/Desktop/BIO/iris_twins_project/data/raw/CASIA-Iris-Twins/62/2R/S3622R03.jpg,.jpg,20159,50d6a70b8771d82a41dfbf2021ae69daff84e57a27ad50478b3e354c93c156d9,640,480,L,JPEG,True,,True,62,2,R,3,True,True,136.2648162841797,61.79810333251953,33.404260564920634,0.0064615885416666,0.052255859375,2R,high_bright_ratio
62,2,R,F62_T2,F62_T2_R,6,S3622R06.jpg,62/2R/S3622R06.jpg,/Users/sarahoualli/Desktop/BIO/iris_twins_project/data/raw/CASIA-Iris-Twins/62/2R/S3622R06.jpg,.jpg,21507,ac8634b76c40c363978fd53c17b6e5e043d479d44d4d9953fafd66adb5967a15,640,480,L,JPEG,True,,True,62,2,R,6,True,True,136.21115112304688,61.279685974121094,41.00620547475815,0.006123046875,0.051572265625,2R,high_bright_ratio
99,2,R,F99_T2,F99_T2_R,2,S3992R02.jpg,99/2R/S3992R02.jpg,/Users/sarahoualli/Desktop/BIO/iris_twins_project/data/raw/CASIA-Iris-Twins/99/2R/S3992R02.jpg,.jpg,19173,19d8f53d9cf9456de89e3d54086f255eaef1873adc26c7ff8984b73b385e9bf0,640,480,L,JPEG,True,,True,99,2,R,2,True,True,128.22653198242188,53.4283447265625,23.319686599212226,0.0020475260416666,0.050234375,2R,high_bright_ratio
62,2,R,F62_T2,F62_T2_R,5,S3622R05.jpg,62/2R/S3622R05.jpg,/Users/sarahoualli/Desktop/BIO/iris_twins_project/data/raw/CASIA-Iris-Twins/62/2R/S3622R05.jpg,.jpg,23059,289db5b3ae8f3d8228cd3fcda06a3794961721a8176bf24453d9064cc4bfe806,640,480,L,JPEG,True,,True,62,2,R,5,True,True,149.5598907470703,57.63662338256836,50.63113775803247,0.0023828125,0.0498567708333333,2R,high_bright_ratio
62,2,L,F62_T2,F62_T2_L,2,S3622L02.jpg,62/2L/S3622L02.jpg,/Users/sarahoualli/Desktop/BIO/iris_twins_project/data/raw/CASIA-Iris-Twins/62/2L/S3622L02.jpg,.jpg,18455,03963bc2779ea5a9ed8f898c77db6f2afec469c2d2c0341c5edd19232440db72,640,480,L,JPEG,True,,True,62,2,L,2,True,True,166.77952575683594,64.01006317138672,42.52688132692974,0.0020084635416666,0.0479557291666666,2L,high_bright_ratio
99,2,R,F99_T2,F99_T2_R,3,S3992R03.jpg,99/2R/S3992R03.jpg,/Users/sarahoualli/Desktop/BIO/iris_twins_project/data/raw/CASIA-Iris-Twins/99/2R/S3992R03.jpg,.jpg,19844,8d760291e281963bf66a09d5fc2a6a090b1815638de99dc9edd5c7cd23b93a5a,640,480,L,JPEG,True,,True,99,2,R,3,True,True,126.29331970214844,52.13521957397461,26.723225859536072,0.0013346354166666,0.0408365885416666,2R,high_bright_ratio
35,2,L,F35_T2,F35_T2_L,5,S3352L05.jpg,35/2L/S3352L05.jpg,/Users/sarahoualli/Desktop/BIO/iris_twins_project/data/raw/CASIA-Iris-Twins/35/2L/S3352L05.jpg,.jpg,17133,30e4a8a337dd1db8a4531cb9e71778e9c2297ea0c0b2df0588552a6240aff2ca,640,480,L,JPEG,True,,True,35,2,L,5,True,True,101.33907318115234,67.39901733398438,24.499422042327453,0.0260709635416666,0.032890625,2L,high_bright_ratio
51,2,R,F51_T2,F51_T2_R,3,S3512R03.jpg,51/2R/S3512R03.jpg,/Users/sarahoualli/Desktop/BIO/iris_twins_project/data/raw/CASIA-Iris-Twins/51/2R/S3512R03.jpg,.jpg,21816,727f920c6069eaa0deae353067163180d2981e850c91ce7c0a169f6bb9582a98,640,480,L,JPEG,True,,True,51,2,R,3,True,True,133.78443908691406,56.52992630004883,45.52954784812926,0.00033203125,0.0317057291666666,2R,high_bright_ratio
51,2,R,F51_T2,F51_T2_R,2,S3512R02.jpg,51/2R/S3512R02.jpg,/Users/sarahoualli/Desktop/BIO/iris_twins_project/data/raw/CASIA-Iris-Twins/51/2R/S3512R02.jpg,.jpg,21414,60298bed3073afc680402b3305855e95d05d0e39f558a799aa96fa6756c7cfe0,640,480,L,JPEG,True,,True,51,2,R,2,True,True,132.43499755859375,55.83641815185547,40.06959908205667,0.0003190104166666,0.0252408854166666,2R,high_bright_ratio
84,1,L,F84_T1,F84_T1_L,7,S3841L07.jpg,84/1L/S3841L07.jpg,/Users/sarahoualli/Desktop/BIO/iris_twins_project/data/raw/CASIA-Iris-Twins/84/1L/S3841L07.jpg,.jpg,23100,272a1f4391d20a36486e0150a98bd362c49b2bb6319d85434c6e2a326e2a0c39,640,480,L,JPEG,True,,True,84,1,L,7,True,True,169.0249786376953,45.33985900878906,58.675531700547545,0.00013671875,0.021455078125,1L,high_bright_ratio
66,1,R,F66_T1,F66_T1_R,1,S3661R01.jpg,66/1R/S3661R01.jpg,/Users/sarahoualli/Desktop/BIO/iris_twins_project/data/raw/CASIA-Iris-Twins/66/1R/S3661R01.jpg,.jpg,17900,9a9bb45f358fb7f32fa4c2e423624b111cefab3bfbe48bf6cdb30ab7cc5799e0,640,480,L,JPEG,True,,True,66,1,R,1,True,True,77.6191635131836,22.32541847229004,25.152629078801475,0.01251953125,6.8359375e-05,1R,low_contrast
66,1,R,F66_T1,F66_T1_R,4,S3661R04.jpg,66/1R/S3661R04.jpg,/Users/sarahoualli/Desktop/BIO/iris_twins_project/data/raw/CASIA-Iris-Twins/66/1R/S3661R04.jpg,.jpg,20077,5e58406f5eb8d4d36e928abfdcfe62162f1b98c4bbbb1dc304573c86b94ae236,640,480,L,JPEG,True,,True,66,1,R,4,True,True,76.18233489990234,22.82815742492676,37.67268446841769,0.013603515625,9.440104166666666e-05,1R,low_contrast
66,1,R,F66_T1,F66_T1_R,5,S3661R05.jpg,66/1R/S3661R05.jpg,/Users/sarahoualli/Desktop/BIO/iris_twins_project/data/raw/CASIA-Iris-Twins/66/1R/S3661R05.jpg,.jpg,20344,22287f2b45ced3b0de87a4d826ee3246550e08080dd3231c08ceb99773ba5a9e,640,480,L,JPEG,True,,True,66,1,R,5,True,True,73.702392578125,23.027835845947266,45.24846234612994,0.0121516927083333,8.7890625e-05,1R,low_contrast
66,1,R,F66_T1,F66_T1_R,2,S3661R02.jpg,66/1R/S3661R02.jpg,/Users/sarahoualli/Desktop/BIO/iris_twins_project/data/raw/CASIA-Iris-Twins/66/1R/S3661R02.jpg,.jpg,19676,f67eac919f27f6a74eea15029d5d81693fde67086790245c17b9005b8da56f6b,640,480,L,JPEG,True,,True,66,1,R,2,True,True,80.0392074584961,23.213871002197266,39.58844388626947,0.0131477864583333,6.510416666666667e-05,1R,low_contrast
66,1,R,F66_T1,F66_T1_R,3,S3661R03.jpg,66/1R/S3661R03.jpg,/Users/sarahoualli/Desktop/BIO/iris_twins_project/data/raw/CASIA-Iris-Twins/66/1R/S3661R03.jpg,.jpg,20100,c09e9ca48425041096cf9e5ab8bd4d8d94b0e01e786a873e7c42514d5ceeca65,640,480,L,JPEG,True,,True,66,1,R,3,True,True,80.4111099243164,24.286352157592773,35.64673641754788,0.01357421875,9.114583333333334e-05,1R,low_contrast
87,2,R,F87_T2,F87_T2_R,4,S3872R04.jpg,87/2R/S3872R04.jpg,/Users/sarahoualli/Desktop/BIO/iris_twins_project/data/raw/CASIA-Iris-Twins/87/2R/S3872R04.jpg,.jpg,16616,a72c49e34a240f82c0277b1f25588f213ddbac87040142d762feefbaf4bb1757,640,480,L,JPEG,True,,True,87,2,R,4,True,True,87.7889175415039,24.612565994262695,24.322067176649306,0.00716796875,0.0001171875,2R,low_contrast
87,1,L,F87_T1,F87_T1_L,3,S3871L03.jpg,87/1L/S3871L03.jpg,/Users/sarahoualli/Desktop/BIO/iris_twins_project/data/raw/CASIA-Iris-Twins/87/1L/S3871L03.jpg,.jpg,16991,241f17592d627937ca6f1fc9b710d08fbd7a55ff7caad041e0a189f797563872,640,480,L,JPEG,True,,True,87,1,L,3,True,True,98.04570770263672,25.12201881408691,28.90487796756955,0.0021712239583333,8.463541666666667e-05,1L,low_contrast
82,2,R,F82_T2,F82_T2_R,1,S3822R01.jpg,82/2R/S3822R01.jpg,/Users/sarahoualli/Desktop/BIO/iris_twins_project/data/raw/CASIA-Iris-Twins/82/2R/S3822R01.jpg,.jpg,16028,1f83d2bfbfde09932fdc76983cb99c7c3353820374ddc0a95359303bd7e68222,640,480,L,JPEG,True,,True,82,2,R,1,True,True,92.9040756225586,25.47170639038086,20.148997708627917,0.0021061197916666,8.463541666666667e-05,2R,low_contrast
52,1,L,F52_T1,F52_T1_L,2,S3521L02.jpg,52/1L/S3521L02.jpg,/Users/sarahoualli/Desktop/BIO/iris_twins_project/data/raw/CASIA-Iris-Twins/52/1L/S3521L02.jpg,.jpg,18181,449f8b83b80910ec755c19dfc8b5579d142aa544e3726044dad0b65e64da213a,640,480,L,JPEG,True,,True,52,1,L,2,True,True,83.50325775146484,25.75243377685547,28.49055677404403,0.0096647135416666,0.0001302083333333,1L,low_contrast
87,2,R,F87_T2,F87_T2_R,3,S3872R03.jpg,87/2R/S3872R03.jpg,/Users/sarahoualli/Desktop/BIO/iris_twins_project/data/raw/CASIA-Iris-Twins/87/2R/S3872R03.jpg,.jpg,17385,2be9084edaec8b701e9595fe6dfff61c9a365e3ac7ca5bc9eccad4930d9dad12,640,480,L,JPEG,True,,True,87,2,R,3,True,True,91.04317474365234,25.915205001831055,29.98560196872288,0.0087174479166666,8.138020833333333e-05,2R,low_contrast
87,2,R,F87_T2,F87_T2_R,5,S3872R05.jpg,87/2R/S3872R05.jpg,/Users/sarahoualli/Desktop/BIO/iris_twins_project/data/raw/CASIA-Iris-Twins/87/2R/S3872R05.jpg,.jpg,16932,cc89f4497615fcd354b2372e7de02d04033a456cfaee354921ddfb734dc83673,640,480,L,JPEG,True,,True,87,2,R,5,True,True,90.64479064941406,25.98311233520508,26.101492729653256,0.0061588541666666,0.0001106770833333,2R,low_contrast
87,2,R,F87_T2,F87_T2_R,6,S3872R06.jpg,87/2R/S3872R06.jpg,/Users/sarahoualli/Desktop/BIO/iris_twins_project/data/raw/CASIA-Iris-Twins/87/2R/S3872R06.jpg,.jpg,16755,26083bbe3270e529ebc4f28b6fc3d9aeca87ef17ebd2bd6631b740b154a80c5a,640,480,L,JPEG,True,,True,87,2,R,6,True,True,92.92489624023438,26.00052261352539,27.308249989149303,0.00693359375,0.0001399739583333,2R,low_contrast
87,2,R,F87_T2,F87_T2_R,7,S3872R07.jpg,87/2R/S3872R07.jpg,/Users/sarahoualli/Desktop/BIO/iris_twins_project/data/raw/CASIA-Iris-Twins/87/2R/S3872R07.jpg,.jpg,16501,e98b1d61b0d97810ef34393e3147f39a601015f2fbb763f2563bd516965d2142,640,480,L,JPEG,True,,True,87,2,R,7,True,True,90.39307403564452,26.16376495361328,24.040904841094548,0.008427734375,0.0001041666666666,2R,low_contrast
27,1,L,F27_T1,F27_T1_L,3,S3271L03.jpg,27/1L/S3271L03.jpg,/Users/sarahoualli/Desktop/BIO/iris_twins_project/data/raw/CASIA-Iris-Twins/27/1L/S3271L03.jpg,.jpg,19650,169fb0453ff21add2addb51a88782e7c213528326b96a9a6dee77730764b2ce6,640,480,L,JPEG,True,,True,27,1,L,3,True,True,116.31609344482422,26.508424758911133,54.94282229714921,0.0063997395833333,0.0001334635416666,1L,low_contrast
91,2,L,F91_T2,F91_T2_L,3,S3912L03.jpg,91/2L/S3912L03.jpg,/Users/sarahoualli/Desktop/BIO/iris_twins_project/data/raw/CASIA-Iris-Twins/91/2L/S3912L03.jpg,.jpg,17770,6b44348208b808f903cd0a8d532fb4cd2ee2f12275d15ecc3d8ddef28a3a8adb,640,480,L,JPEG,True,,True,91,2,L,3,True,True,85.8705825805664,26.95062255859375,23.842942324786712,0.0092740885416666,8.138020833333333e-05,2L,low_contrast
38,2,L,F38_T2,F38_T2_L,9,S3382L09.jpg,38/2L/S3382L09.jpg,/Users/sarahoualli/Desktop/BIO/iris_twins_project/data/raw/CASIA-Iris-Twins/38/2L/S3382L09.jpg,.jpg,16418,ed92b8f349e6f0e797abbbb6a2a63851f5976725e14809e25cd4c83f830e3caa,640,480,L,JPEG,True,,True,38,2,L,9,True,True,127.10520935058594,27.06180763244629,22.014056660800517,0.00033203125,0.0001302083333333,2L,low_contrast
38,2,L,F38_T2,F38_T2_L,8,S3382L08.jpg,38/2L/S3382L08.jpg,/Users/sarahoualli/Desktop/BIO/iris_twins_project/data/raw/CASIA-Iris-Twins/38/2L/S3382L08.jpg,.jpg,15876,25408bc7c9cf6d7de4b6c852d0726546f6e85705574d51cdc399d2658810b9e8,640,480,L,JPEG,True,,True,38,2,L,8,True,True,124.19596099853516,27.182260513305664,22.167215085336892,0.0007552083333333,0.0001171875,2L,low_contrast
45,1,R,F45_T1,F45_T1_R,2,S3451R02.jpg,45/1R/S3451R02.jpg,/Users/sarahoualli/Desktop/BIO/iris_twins_project/data/raw/CASIA-Iris-Twins/45/1R/S3451R02.jpg,.jpg,15414,36c4ec22794eb5773aaca9e2b0fcb49f569d274a09779f67e8517b970b3c312c,640,480,L,JPEG,True,,True,45,1,R,2,True,True,82.13351440429688,27.269018173217773,17.74885513712565,0.01625,0.0001399739583333,1R,low_contrast
73,1,R,F73_T1,F73_T1_R,1,S3731R01.jpg,73/1R/S3731R01.jpg,/Users/sarahoualli/Desktop/BIO/iris_twins_project/data/raw/CASIA-Iris-Twins/73/1R/S3731R01.jpg,.jpg,20309,2b5191929c4ca6021f6abee4ffdf0fe94d57ca3624e26506775d052c79c6f067,640,480,L,JPEG,True,,True,73,1,R,1,True,True,131.29623413085938,27.385366439819336,50.53676170551512,0.0017024739583333,0.0001725260416666,1R,low_contrast
73,1,L,F73_T1,F73_T1_L,5,S3731L05.jpg,73/1L/S3731L05.jpg,/Users/sarahoualli/Desktop/BIO/iris_twins_project/data/raw/CASIA-Iris-Twins/73/1L/S3731L05.jpg,.jpg,17213,418ba6ceefde884a95410491d6cc9b1f3411eabae965a207b13c5833d7cd1e62,640,480,L,JPEG,True,,True,73,1,L,5,True,True,137.2912139892578,27.487213134765625,27.347087602731925,0.000341796875,0.0001139322916666,1L,low_contrast
73,1,L,F73_T1,F73_T1_L,4,S3731L04.jpg,73/1L/S3731L04.jpg,/Users/sarahoualli/Desktop/BIO/iris_twins_project/data/raw/CASIA-Iris-Twins/73/1L/S3731L04.jpg,.jpg,17056,f124c05d8c53b76693faa65dde2102dd7e62dcf4e567353b07fc5ff11763f5f2,640,480,L,JPEG,True,,True,73,1,L,4,True,True,138.61891174316406,27.52166175842285,24.698136376274956,0.0002311197916666,0.0001106770833333,1L,low_contrast
61,1,R,F61_T1,F61_T1_R,1,S3611R01.jpg,61/1R/S3611R01.jpg,/Users/sarahoualli/Desktop/BIO/iris_twins_project/data/raw/CASIA-Iris-Twins/61/1R/S3611R01.jpg,.jpg,16888,040035cebe30249ff079ef74d4cd11956bf202b51f0589d619c65778b05558fc,640,480,L,JPEG,True,,True,61,1,R,1,True,True,107.31017303466795,27.62448501586914,23.216367073811433,0.0018717447916666,4.8828125e-05,1R,low_contrast
27,2,R,F27_T2,F27_T2_R,7,S3272R07.jpg,27/2R/S3272R07.jpg,/Users/sarahoualli/Desktop/BIO/iris_twins_project/data/raw/CASIA-Iris-Twins/27/2R/S3272R07.jpg,.jpg,26473,f1f2cba9ec9a52aca8a122b21bc7d0e172782385deb8b4abd532672cc29a913b,640,480,L,JPEG,True,,True,27,2,R,7,True,True,123.39167022705078,27.652877807617188,48.72920449485778,0.00318359375,0.0002864583333333,2R,low_contrast
77,1,R,F77_T1,F77_T1_R,3,S3771R03.jpg,77/1R/S3771R03.jpg,/Users/sarahoualli/Desktop/BIO/iris_twins_project/data/raw/CASIA-Iris-Twins/77/1R/S3771R03.jpg,.jpg,21480,a21572ea88c7207e66d09a2677491396a4c66bb1b03ba622ad0e1c6f57cde64a,640,480,L,JPEG,True,,True,77,1,R,3,True,True,103.5966567993164,27.65377616882324,44.06813593733045,0.0036881510416666,0.0001236979166666,1R,low_contrast
87,1,R,F87_T1,F87_T1_R,9,S3871R09.jpg,87/1R/S3871R09.jpg,/Users/sarahoualli/Desktop/BIO/iris_twins_project/data/raw/CASIA-Iris-Twins/87/1R/S3871R09.jpg,.jpg,15206,a180d7ef33f30c89bf60dcd87dcb835b852d3902cfc578881579d0d4e9749210,640,480,L,JPEG,True,,True,87,1,R,9,True,True,131.8984832763672,27.667713165283203,16.506376419056785,0.000146484375,0.0001692708333333,1R,low_contrast
53,2,L,F53_T2,F53_T2_L,4,S3532L04.jpg,53/2L/S3532L04.jpg,/Users/sarahoualli/Desktop/BIO/iris_twins_project/data/raw/CASIA-Iris-Twins/53/2L/S3532L04.jpg,.jpg,18420,8cd4d2c62106abe0e28a5d4b3bd8415505b9c56ac946a3bd9582386d4ee85f7c,640,480,L,JPEG,True,,True,53,2,L,4,True,True,97.22434997558594,37.990570068359375,22.933374894449432,0.0368977864583333,0.0002311197916666,2L,high_dark_ratio
40,2,L,F40_T2,F40_T2_L,1,S3402L01.jpg,40/2L/S3402L01.jpg,/Users/sarahoualli/Desktop/BIO/iris_twins_project/data/raw/CASIA-Iris-Twins/40/2L/S3402L01.jpg,.jpg,21068,6325ae3370b5414e9dfc40fbeb8a888807b230480e32e3e28f0d7552ddf9f1da,640,480,L,JPEG,True,,True,40,2,L,1,True,True,101.66770935058594,40.17800521850586,26.66696037987603,0.0333138020833333,0.0001790364583333,2L,high_dark_ratio
40,2,L,F40_T2,F40_T2_L,2,S3402L02.jpg,40/2L/S3402L02.jpg,/Users/sarahoualli/Desktop/BIO/iris_twins_project/data/raw/CASIA-Iris-Twins/40/2L/S3402L02.jpg,.jpg,21402,60f0f3ddbcb485889760638997ff03b986e54c79911de465dfbc18043e0fba6f,640,480,L,JPEG,True,,True,40,2,L,2,True,True,102.42139434814452,39.72269058227539,30.62745449234643,0.0313899739583333,0.0002115885416666,2L,high_dark_ratio
53,2,R,F53_T2,F53_T2_R,1,S3532R01.jpg,53/2R/S3532R01.jpg,/Users/sarahoualli/Desktop/BIO/iris_twins_project/data/raw/CASIA-Iris-Twins/53/2R/S3532R01.jpg,.jpg,20088,40505d721c8b16b30704716e60bbbb4e6ecee9ddde05db51ba64fb96d189bb41,640,480,L,JPEG,True,,True,53,2,R,1,True,True,109.18704223632812,58.52117156982422,28.384376093165077,0.0280501302083333,0.00025390625,2R,high_dark_ratio
90,1,R,F90_T1,F90_T1_R,3,S3901R03.jpg,90/1R/S3901R03.jpg,/Users/sarahoualli/Desktop/BIO/iris_twins_project/data/raw/CASIA-Iris-Twins/90/1R/S3901R03.jpg,.jpg,17119,56a835bbd80025482beabac704b59a414791cda0b31ee8534113cbad899eaa66,640,480,L,JPEG,True,,True,90,1,R,3,True,True,75.3170166015625,28.621423721313477,28.518235751300388,0.0276692708333333,0.0001529947916666,1R,high_dark_ratio
35,2,L,F35_T2,F35_T2_L,5,S3352L05.jpg,35/2L/S3352L05.jpg,/Users/sarahoualli/Desktop/BIO/iris_twins_project/data/raw/CASIA-Iris-Twins/35/2L/S3352L05.jpg,.jpg,17133,30e4a8a337dd1db8a4531cb9e71778e9c2297ea0c0b2df0588552a6240aff2ca,640,480,L,JPEG,True,,True,35,2,L,5,True,True,101.33907318115234,67.39901733398438,24.499422042327453,0.0260709635416666,0.032890625,2L,high_dark_ratio
14,2,R,F14_T2,F14_T2_R,7,S3142R07.jpg,14/2R/S3142R07.jpg,/Users/sarahoualli/Desktop/BIO/iris_twins_project/data/raw/CASIA-Iris-Twins/14/2R/S3142R07.jpg,.jpg,20433,4a948fb71e4a36fccc48de33c0488ee7070d22367bd7a1c1c688b77750762c04,640,480,L,JPEG,True,,True,14,2,R,7,True,True,93.21810913085938,33.45029067993164,39.54452522988849,0.0257421875,0.0001334635416666,2R,high_dark_ratio
14,2,R,F14_T2,F14_T2_R,8,S3142R08.jpg,14/2R/S3142R08.jpg,/Users/sarahoualli/Desktop/BIO/iris_twins_project/data/raw/CASIA-Iris-Twins/14/2R/S3142R08.jpg,.jpg,20601,44670ecf84b51d6871c256c9c7b1ac37ea3e0ffc03c31a2098914bed3a93d9e7,640,480,L,JPEG,True,,True,14,2,R,8,True,True,94.22156524658205,34.3331184387207,41.46738089005152,0.0253971354166666,0.000146484375,2R,high_dark_ratio
42,1,R,F42_T1,F42_T1_R,2,S3421R02.jpg,42/1R/S3421R02.jpg,/Users/sarahoualli/Desktop/BIO/iris_twins_project/data/raw/CASIA-Iris-Twins/42/1R/S3421R02.jpg,.jpg,17641,61ff546eca54c32583f9f1d9699b81933da40eccb4b4e7aabfbcfe2a968f30fd,640,480,L,JPEG,True,,True,42,1,R,2,True,True,104.03923034667967,41.1725959777832,21.931430598958336,0.025205078125,0.0002701822916666,1R,high_dark_ratio
90,1,R,F90_T1,F90_T1_R,4,S3901R04.jpg,90/1R/S3901R04.jpg,/Users/sarahoualli/Desktop/BIO/iris_twins_project/data/raw/CASIA-Iris-Twins/90/1R/S3901R04.jpg,.jpg,17428,faaf82fd8a94bb02dfc0676b52bff06fc398f6af3835d7356217e1356fc66285,640,480,L,JPEG,True,,True,90,1,R,4,True,True,79.82791900634766,29.02876091003418,26.211368673441143,0.02509765625,0.0001822916666666,1R,high_dark_ratio
37,2,R,F37_T2,F37_T2_R,4,S3372R04.jpg,37/2R/S3372R04.jpg,/Users/sarahoualli/Desktop/BIO/iris_twins_project/data/raw/CASIA-Iris-Twins/37/2R/S3372R04.jpg,.jpg,18902,3782c60a8915d41d09471d195e87bc73dc0185e14e751f4c6a592b4500c4dd37,640,480,L,JPEG,True,,True,37,2,R,4,True,True,79.9782943725586,30.80802345275879,22.50081236059401,0.02478515625,0.000107421875,2R,high_dark_ratio
23,1,R,F23_T1,F23_T1_R,3,S3231R03.jpg,23/1R/S3231R03.jpg,/Users/sarahoualli/Desktop/BIO/iris_twins_project/data/raw/CASIA-Iris-Twins/23/1R/S3231R03.jpg,.jpg,18921,44bfb910f895c2bca97b16be1b389b46abcdc026ca62b95a74437b410b37a2d8,640,480,L,JPEG,True,,True,23,1,R,3,True,True,125.46027374267578,48.02893829345703,21.96367046304279,0.0247428385416666,0.0002115885416666,1R,high_dark_ratio
40,2,L,F40_T2,F40_T2_L,3,S3402L03.jpg,40/2L/S3402L03.jpg,/Users/sarahoualli/Desktop/BIO/iris_twins_project/data/raw/CASIA-Iris-Twins/40/2L/S3402L03.jpg,.jpg,22055,ac1d180cddddde77e7db7e4180bdd70c174f9fcca231c8ba8da031cb9d82719f,640,480,L,JPEG,True,,True,40,2,L,3,True,True,114.95286560058594,38.54031753540039,31.679544651243425,0.02453125,0.00029296875,2L,high_dark_ratio
24,1,R,F24_T1,F24_T1_R,3,S3241R03.jpg,24/1R/S3241R03.jpg,/Users/sarahoualli/Desktop/BIO/iris_twins_project/data/raw/CASIA-Iris-Twins/24/1R/S3241R03.jpg,.jpg,19753,426e911a8247302f15bc74a8ad601330ceb705b779b3e1e45e1816961fbc4974,640,480,L,JPEG,True,,True,24,1,R,3,True,True,103.05581665039062,44.98569107055664,32.269295027669266,0.024267578125,9.765625e-05,1R,high_dark_ratio
17,1,R,F17_T1,F17_T1_R,7,S3171R07.jpg,17/1R/S3171R07.jpg,/Users/sarahoualli/Desktop/BIO/iris_twins_project/data/raw/CASIA-Iris-Twins/17/1R/S3171R07.jpg,.jpg,18184,66e22a20c90966b0ae139e329b2cc8c8470536c09922a6375358f1c021993139,640,480,L,JPEG,True,,True,17,1,R,7,True,True,101.64820098876952,41.29739761352539,25.027188548946377,0.024033203125,7.8125e-05,1R,high_dark_ratio
17,2,R,F17_T2,F17_T2_R,4,S3172R04.jpg,17/2R/S3172R04.jpg,/Users/sarahoualli/Desktop/BIO/iris_twins_project/data/raw/CASIA-Iris-Twins/17/2R/S3172R04.jpg,.jpg,21597,8a17e22e9ae2e39913f451335dd0b0bd1ad911ebc7475ac6a614a2d1f5a5d952,640,480,L,JPEG,True,,True,17,2,R,4,True,True,130.67724609375,50.930423736572266,48.768219487126665,0.023974609375,8.463541666666667e-05,2R,high_dark_ratio
17,1,L,F17_T1,F17_T1_L,1,S3171L01.jpg,17/1L/S3171L01.jpg,/Users/sarahoualli/Desktop/BIO/iris_twins_project/data/raw/CASIA-Iris-Twins/17/1L/S3171L01.jpg,.jpg,18771,2ffb2719ba6e48943e01b23198d92ab34f1f4d372c13b8400eed59c108d90a65,640,480,L,JPEG,True,,True,17,1,L,1,True,True,95.92224884033205,39.737850189208984,24.09499498049418,0.02369140625,0.0001497395833333,1L,high_dark_ratio
3,2,L,F03_T2,F03_T2_L,1,S3032L01.jpg,03/2L/S3032L01.jpg,/Users/sarahoualli/Desktop/BIO/iris_twins_project/data/raw/CASIA-Iris-Twins/03/2L/S3032L01.jpg,.jpg,24291,ecc95f1d6acb57cb7bbcddd38f07a897e3ee98081dedf18460763b2ff0a9e266,640,480,L,JPEG,True,,True,3,2,L,1,True,True,77.31781005859375,38.548336029052734,58.72110084151163,0.023642578125,9.765625e-05,2L,high_dark_ratio
53,2,L,F53_T2,F53_T2_L,1,S3532L01.jpg,53/2L/S3532L01.jpg,/Users/sarahoualli/Desktop/BIO/iris_twins_project/data/raw/CASIA-Iris-Twins/53/2L/S3532L01.jpg,.jpg,23409,b0dd35b76f6a695f6521308cf0a710ab596e0563dad85d74fb8be4f906b4bdc6,640,480,L,JPEG,True,,True,53,2,L,1,True,True,116.1302719116211,45.994354248046875,57.67131850479972,0.0233919270833333,0.00025390625,2L,high_dark_ratio
23,1,R,F23_T1,F23_T1_R,2,S3231R02.jpg,23/1R/S3231R02.jpg,/Users/sarahoualli/Desktop/BIO/iris_twins_project/data/raw/CASIA-Iris-Twins/23/1R/S3231R02.jpg,.jpg,17582,ad62919c0e7495e61fd90e877edd1208f5e58a03ed12112d8356128a142e394c,640,480,L,JPEG,True,,True,23,1,R,2,True,True,131.91940307617188,45.44082260131836,18.23134016210768,0.02337890625,0.0004459635416666,1R,high_dark_ratio
42,2,R,F42_T2,F42_T2_R,1,S3422R01.jpg,42/2R/S3422R01.jpg,/Users/sarahoualli/Desktop/BIO/iris_twins_project/data/raw/CASIA-Iris-Twins/42/2R/S3422R01.jpg,.jpg,20451,2d317fd95f669323f5908c28d0eb6b833f3191970cec00a7890948aa0fb5d724,640,480,L,JPEG,True,,True,42,2,R,1,True,True,101.85142517089844,39.684513092041016,45.35637357376947,0.0231217447916666,0.000244140625,2R,high_dark_ratio
17,2,R,F17_T2,F17_T2_R,9,S3172R09.jpg,17/2R/S3172R09.jpg,/Users/sarahoualli/Desktop/BIO/iris_twins_project/data/raw/CASIA-Iris-Twins/17/2R/S3172R09.jpg,.jpg,19854,c73f6eccb9912af68b8b661c7ac900697b56f614c6af5df8bca207a52ef8a68b,640,480,L,JPEG,True,,True,17,2,R,9,True,True,110.42703247070312,44.99870300292969,48.00259447045857,0.022900390625,0.0001236979166666,2R,high_dark_ratio
17,2,R,F17_T2,F17_T2_R,2,S3172R02.jpg,17/2R/S3172R02.jpg,/Users/sarahoualli/Desktop/BIO/iris_twins_project/data/raw/CASIA-Iris-Twins/17/2R/S3172R02.jpg,.jpg,21121,18b415aa35924b8174842970071b5fdfc63f4bb5f6a793dab614ce11acf37364,640,480,L,JPEG,True,,True,17,2,R,2,True,True,115.02825164794922,41.905128479003906,36.468046690612354,0.0225813802083333,0.0002115885416666,2R,high_dark_ratio
17,1,L,F17_T1,F17_T1_L,9,S3171L09.jpg,17/1L/S3171L09.jpg,/Users/sarahoualli/Desktop/BIO/iris_twins_project/data/raw/CASIA-Iris-Twins/17/1L/S3171L09.jpg,.jpg,21074,a2d2abd908bd50be8d0bc1e68f73ea8ef6a5293d538e56f22537c65c5d7f0bd0,640,480,L,JPEG,True,,True,17,1,L,9,True,True,81.24537658691406,39.669227600097656,36.97524883689879,0.0223828125,0.000166015625,1L,high_dark_ratio
56,2,L,F56_T2,F56_T2_L,3,S3562L03.jpg,56/2L/S3562L03.jpg,/Users/sarahoualli/Desktop/BIO/iris_twins_project/data/raw/CASIA-Iris-Twins/56/2L/S3562L03.jpg,.jpg,19988,c0ef0280cf5719d47e9fe879cb7cf0011e4ed07c6072bb4cbf417cdc59ec425f,640,480,L,JPEG,True,,True,56,2,L,3,True,True,90.50760650634766,32.37595748901367,39.19101872099771,0.022353515625,0.0001204427083333,2L,high_dark_ratio
